Barcode,difference_label
s_008um_00069_00506-1,False Positive
s_008um_00069_00508-1,False Positive
s_008um_00069_00511-1,False Positive
s_008um_00070_00505-1,False Positive
s_008um_00070_00506-1,False Positive
s_008um_00070_00507-1,False Positive
s_008um_00070_00508-1,False Positive
s_008um_00070_00509-1,False Positive
s_008um_00070_00510-1,False Positive
s_008um_00070_00511-1,False Positive
s_008um_00070_00512-1,False Positive
s_008um_00071_00505-1,False Positive
s_008um_00071_00506-1,False Positive
s_008um_00071_00507-1,False Positive
s_008um_00071_00508-1,False Positive
s_008um_00071_00509-1,False Positive
s_008um_00071_00510-1,False Positive
s_008um_00071_00511-1,False Positive
s_008um_00071_00512-1,False Positive
s_008um_00071_00513-1,False Positive
s_008um_00072_00505-1,False Positive
s_008um_00072_00506-1,False Positive
s_008um_00072_00507-1,False Positive
s_008um_00072_00508-1,False Positive
s_008um_00072_00509-1,False Positive
s_008um_00072_00510-1,False Positive
s_008um_00072_00511-1,False Positive
s_008um_00072_00512-1,False Positive
s_008um_00073_00505-1,False Positive
s_008um_00073_00506-1,False Positive
s_008um_00073_00507-1,False Positive
s_008um_00073_00508-1,False Positive
s_008um_00073_00509-1,False Positive
s_008um_00073_00510-1,False Positive
s_008um_00073_00511-1,False Positive
s_008um_00073_00512-1,False Positive
s_008um_00074_00506-1,False Positive
s_008um_00074_00507-1,False Positive
s_008um_00074_00508-1,False Positive
s_008um_00074_00509-1,False Positive
s_008um_00074_00510-1,False Positive
s_008um_00074_00511-1,False Positive
s_008um_00100_00359-1,False Positive
s_008um_00100_00360-1,False Positive
s_008um_00100_00361-1,False Positive
s_008um_00100_00362-1,False Positive
s_008um_00101_00357-1,False Positive
s_008um_00101_00358-1,False Positive
s_008um_00101_00359-1,False Positive
s_008um_00101_00360-1,False Positive
s_008um_00101_00361-1,False Positive
s_008um_00101_00362-1,False Positive
s_008um_00101_00363-1,False Positive
s_008um_00102_00357-1,False Positive
s_008um_00102_00358-1,False Positive
s_008um_00102_00359-1,False Positive
s_008um_00102_00360-1,False Positive
s_008um_00102_00361-1,False Positive
s_008um_00102_00362-1,False Positive
s_008um_00102_00363-1,False Positive
s_008um_00103_00356-1,False Positive
s_008um_00103_00357-1,False Positive
s_008um_00103_00358-1,False Positive
s_008um_00103_00359-1,False Positive
s_008um_00103_00360-1,False Positive
s_008um_00103_00361-1,False Positive
s_008um_00103_00362-1,False Positive
s_008um_00103_00363-1,False Positive
s_008um_00104_00356-1,False Positive
s_008um_00104_00357-1,False Positive
s_008um_00104_00358-1,False Positive
s_008um_00104_00359-1,False Positive
s_008um_00104_00360-1,False Positive
s_008um_00104_00361-1,False Positive
s_008um_00104_00362-1,False Positive
s_008um_00104_00363-1,False Positive
s_008um_00105_00357-1,False Positive
s_008um_00105_00358-1,False Positive
s_008um_00105_00359-1,False Positive
s_008um_00105_00360-1,False Positive
s_008um_00105_00361-1,False Positive
s_008um_00105_00362-1,False Positive
s_008um_00105_00363-1,False Positive
s_008um_00106_00357-1,False Positive
s_008um_00106_00358-1,False Positive
s_008um_00106_00359-1,False Positive
s_008um_00106_00360-1,False Positive
s_008um_00106_00361-1,False Positive
s_008um_00106_00362-1,False Positive
s_008um_00107_00359-1,False Positive
s_008um_00107_00360-1,False Positive
s_008um_00109_00481-1,False Positive
s_008um_00109_00482-1,False Positive
s_008um_00109_00483-1,False Positive
s_008um_00109_00484-1,False Positive
s_008um_00110_00425-1,False Positive
s_008um_00110_00426-1,False Positive
s_008um_00110_00479-1,False Positive
s_008um_00110_00484-1,False Positive
s_008um_00110_00485-1,False Positive
s_008um_00111_00425-1,False Positive
s_008um_00111_00472-1,False Positive
s_008um_00111_00473-1,False Positive
s_008um_00111_00474-1,False Positive
s_008um_00111_00475-1,False Positive
s_008um_00112_00424-1,False Positive
s_008um_00112_00425-1,False Positive
s_008um_00112_00471-1,False Positive
s_008um_00112_00472-1,False Positive
s_008um_00112_00473-1,False Positive
s_008um_00112_00474-1,False Positive
s_008um_00112_00475-1,False Positive
s_008um_00112_00476-1,False Positive
s_008um_00113_00424-1,False Positive
s_008um_00113_00471-1,False Positive
s_008um_00113_00472-1,False Positive
s_008um_00113_00473-1,False Positive
s_008um_00113_00474-1,False Positive
s_008um_00113_00475-1,False Positive
s_008um_00113_00476-1,False Positive
s_008um_00114_00424-1,False Positive
s_008um_00114_00471-1,False Positive
s_008um_00114_00472-1,False Positive
s_008um_00114_00473-1,False Positive
s_008um_00114_00474-1,False Positive
s_008um_00114_00475-1,False Positive
s_008um_00114_00476-1,False Positive
s_008um_00114_00548-1,False Positive
s_008um_00115_00424-1,False Positive
s_008um_00115_00430-1,False Positive
s_008um_00115_00471-1,False Positive
s_008um_00115_00472-1,False Positive
s_008um_00115_00473-1,False Positive
s_008um_00115_00474-1,False Positive
s_008um_00115_00475-1,False Positive
s_008um_00115_00476-1,False Positive
s_008um_00115_00520-1,False Positive
s_008um_00115_00535-1,False Positive
s_008um_00115_00547-1,False Positive
s_008um_00116_00471-1,False Positive
s_008um_00116_00472-1,False Positive
s_008um_00116_00473-1,False Positive
s_008um_00116_00474-1,False Positive
s_008um_00116_00475-1,False Positive
s_008um_00116_00476-1,False Positive
s_008um_00116_00520-1,False Positive
s_008um_00116_00528-1,False Positive
s_008um_00116_00547-1,False Positive
s_008um_00117_00472-1,False Positive
s_008um_00117_00473-1,False Positive
s_008um_00117_00474-1,False Positive
s_008um_00117_00475-1,False Positive
s_008um_00117_00494-1,False Positive
s_008um_00118_00495-1,False Positive
s_008um_00118_00535-1,False Positive
s_008um_00119_00495-1,False Positive
s_008um_00119_00535-1,False Positive
s_008um_00120_00429-1,False Positive
s_008um_00120_00495-1,False Positive
s_008um_00120_00578-1,False Positive
s_008um_00120_00592-1,False Positive
s_008um_00121_00429-1,False Positive
s_008um_00121_00490-1,False Positive
s_008um_00121_00495-1,False Positive
s_008um_00121_00540-1,False Positive
s_008um_00121_00578-1,False Positive
s_008um_00121_00593-1,False Positive
s_008um_00122_00429-1,False Positive
s_008um_00122_00430-1,False Positive
s_008um_00122_00473-1,False Positive
s_008um_00122_00474-1,False Positive
s_008um_00122_00475-1,False Positive
s_008um_00122_00491-1,False Positive
s_008um_00122_00492-1,False Positive
s_008um_00122_00493-1,False Positive
s_008um_00122_00494-1,False Positive
s_008um_00122_00540-1,False Positive
s_008um_00122_00578-1,False Positive
s_008um_00122_00593-1,False Positive
s_008um_00123_00430-1,False Positive
s_008um_00123_00459-1,False Positive
s_008um_00123_00460-1,False Positive
s_008um_00123_00461-1,False Positive
s_008um_00123_00462-1,False Positive
s_008um_00123_00541-1,False Positive
s_008um_00123_00578-1,False Positive
s_008um_00123_00631-1,False Positive
s_008um_00124_00458-1,False Positive
s_008um_00124_00460-1,False Positive
s_008um_00124_00461-1,False Positive
s_008um_00124_00463-1,False Positive
s_008um_00124_00541-1,False Positive
s_008um_00124_00542-1,False Positive
s_008um_00124_00543-1,False Positive
s_008um_00124_00630-1,False Positive
s_008um_00126_00441-1,False Positive
s_008um_00126_00442-1,False Positive
s_008um_00126_00443-1,False Positive
s_008um_00126_00444-1,False Positive
s_008um_00126_00490-1,False Positive
s_008um_00126_00491-1,False Positive
s_008um_00126_00492-1,False Positive
s_008um_00126_00493-1,False Positive
s_008um_00126_00494-1,False Positive
s_008um_00126_00504-1,False Positive
s_008um_00126_00505-1,False Positive
s_008um_00126_00506-1,False Positive
s_008um_00126_00507-1,False Positive
s_008um_00126_00508-1,False Positive
s_008um_00126_00531-1,False Positive
s_008um_00127_00441-1,False Positive
s_008um_00127_00442-1,False Positive
s_008um_00127_00443-1,False Positive
s_008um_00127_00444-1,False Positive
s_008um_00127_00456-1,False Positive
s_008um_00127_00494-1,False Positive
s_008um_00127_00513-1,False Positive
s_008um_00127_00517-1,False Positive
s_008um_00127_00525-1,False Positive
s_008um_00128_00371-1,False Positive
s_008um_00128_00441-1,False Positive
s_008um_00128_00442-1,False Positive
s_008um_00128_00443-1,False Positive
s_008um_00128_00444-1,False Positive
s_008um_00128_00456-1,False Positive
s_008um_00128_00463-1,False Positive
s_008um_00128_00494-1,False Positive
s_008um_00128_00513-1,False Positive
s_008um_00128_00518-1,False Positive
s_008um_00128_00525-1,False Positive
s_008um_00128_00613-1,False Positive
s_008um_00129_00371-1,False Positive
s_008um_00129_00442-1,False Positive
s_008um_00129_00443-1,False Positive
s_008um_00129_00444-1,False Positive
s_008um_00129_00456-1,False Positive
s_008um_00129_00463-1,False Positive
s_008um_00129_00494-1,False Positive
s_008um_00129_00513-1,False Positive
s_008um_00129_00518-1,False Positive
s_008um_00129_00525-1,False Positive
s_008um_00129_00613-1,False Positive
s_008um_00129_00614-1,False Positive
s_008um_00130_00428-1,False Positive
s_008um_00130_00456-1,False Positive
s_008um_00130_00461-1,False Positive
s_008um_00130_00462-1,False Positive
s_008um_00130_00490-1,False Positive
s_008um_00130_00491-1,False Positive
s_008um_00130_00492-1,False Positive
s_008um_00130_00493-1,False Positive
s_008um_00130_00517-1,False Positive
s_008um_00130_00525-1,False Positive
s_008um_00130_00526-1,False Positive
s_008um_00130_00600-1,False Positive
s_008um_00130_00601-1,False Positive
s_008um_00130_00602-1,False Positive
s_008um_00130_00603-1,False Positive
s_008um_00130_00614-1,False Positive
s_008um_00131_00413-1,False Positive
s_008um_00131_00428-1,False Positive
s_008um_00131_00457-1,False Positive
s_008um_00131_00458-1,False Positive
s_008um_00131_00459-1,False Positive
s_008um_00131_00460-1,False Positive
s_008um_00131_00461-1,False Positive
s_008um_00131_00516-1,False Positive
s_008um_00131_00517-1,False Positive
s_008um_00131_00525-1,False Positive
s_008um_00131_00526-1,False Positive
s_008um_00131_00527-1,False Positive
s_008um_00131_00528-1,False Positive
s_008um_00131_00531-1,False Positive
s_008um_00131_00599-1,False Positive
s_008um_00131_00600-1,False Positive
s_008um_00131_00603-1,False Positive
s_008um_00131_00604-1,False Positive
s_008um_00131_00609-1,False Positive
s_008um_00131_00613-1,False Positive
s_008um_00131_00614-1,False Positive
s_008um_00131_00615-1,False Positive
s_008um_00131_00618-1,False Positive
s_008um_00132_00413-1,False Positive
s_008um_00132_00424-1,False Positive
s_008um_00132_00428-1,False Positive
s_008um_00132_00460-1,False Positive
s_008um_00132_00461-1,False Positive
s_008um_00132_00462-1,False Positive
s_008um_00132_00463-1,False Positive
s_008um_00132_00472-1,False Positive
s_008um_00132_00473-1,False Positive
s_008um_00132_00474-1,False Positive
s_008um_00132_00475-1,False Positive
s_008um_00132_00527-1,False Positive
s_008um_00132_00528-1,False Positive
s_008um_00132_00529-1,False Positive
s_008um_00132_00530-1,False Positive
s_008um_00132_00599-1,False Positive
s_008um_00132_00604-1,False Positive
s_008um_00132_00610-1,False Positive
s_008um_00132_00611-1,False Positive
s_008um_00132_00612-1,False Positive
s_008um_00132_00613-1,False Positive
s_008um_00132_00614-1,False Positive
s_008um_00132_00619-1,False Positive
s_008um_00133_00413-1,False Positive
s_008um_00133_00414-1,False Positive
s_008um_00133_00415-1,False Positive
s_008um_00133_00419-1,False Positive
s_008um_00133_00459-1,False Positive
s_008um_00133_00599-1,False Positive
s_008um_00133_00604-1,False Positive
s_008um_00133_00614-1,False Positive
s_008um_00133_00619-1,False Positive
s_008um_00134_00413-1,False Positive
s_008um_00134_00414-1,False Positive
s_008um_00134_00415-1,False Positive
s_008um_00134_00416-1,False Positive
s_008um_00134_00417-1,False Positive
s_008um_00134_00418-1,False Positive
s_008um_00134_00419-1,False Positive
s_008um_00134_00459-1,False Positive
s_008um_00134_00599-1,False Positive
s_008um_00134_00604-1,False Positive
s_008um_00134_00614-1,False Positive
s_008um_00135_00419-1,False Positive
s_008um_00135_00459-1,False Positive
s_008um_00135_00603-1,False Positive
s_008um_00135_00614-1,False Positive
s_008um_00135_00615-1,False Positive
s_008um_00136_00419-1,False Positive
s_008um_00136_00459-1,False Positive
s_008um_00136_00460-1,False Positive
s_008um_00136_00615-1,False Positive
s_008um_00136_00616-1,False Positive
s_008um_00136_00617-1,False Positive
s_008um_00137_00370-1,False Positive
s_008um_00137_00441-1,False Positive
s_008um_00137_00444-1,False Positive
s_008um_00137_00460-1,False Positive
s_008um_00137_00461-1,False Positive
s_008um_00138_00371-1,False Positive
s_008um_00138_00441-1,False Positive
s_008um_00138_00444-1,False Positive
s_008um_00138_00490-1,False Positive
s_008um_00138_00491-1,False Positive
s_008um_00139_00441-1,False Positive
s_008um_00139_00444-1,False Positive
s_008um_00139_00485-1,False Positive
s_008um_00139_00491-1,False Positive
s_008um_00139_00492-1,False Positive
s_008um_00139_00493-1,False Positive
s_008um_00139_00494-1,False Positive
s_008um_00139_00495-1,False Positive
s_008um_00139_00649-1,False Positive
s_008um_00139_00650-1,False Positive
s_008um_00140_00441-1,False Positive
s_008um_00140_00444-1,False Positive
s_008um_00140_00492-1,False Positive
s_008um_00140_00493-1,False Positive
s_008um_00140_00603-1,False Positive
s_008um_00140_00604-1,False Positive
s_008um_00141_00371-1,False Positive
s_008um_00141_00378-1,False Positive
s_008um_00141_00423-1,False Positive
s_008um_00141_00424-1,False Positive
s_008um_00141_00425-1,False Positive
s_008um_00141_00426-1,False Positive
s_008um_00141_00441-1,False Positive
s_008um_00141_00442-1,False Positive
s_008um_00141_00443-1,False Positive
s_008um_00141_00444-1,False Positive
s_008um_00141_00455-1,False Positive
s_008um_00141_00602-1,False Positive
s_008um_00141_00604-1,False Positive
s_008um_00141_00605-1,False Positive
s_008um_00141_00648-1,False Positive
s_008um_00142_00423-1,False Positive
s_008um_00142_00455-1,False Positive
s_008um_00142_00478-1,False Positive
s_008um_00142_00605-1,False Positive
s_008um_00143_00455-1,False Positive
s_008um_00143_00478-1,False Positive
s_008um_00143_00605-1,False Positive
s_008um_00143_00649-1,False Positive
s_008um_00144_00432-1,False Positive
s_008um_00144_00650-1,False Positive
s_008um_00145_00432-1,False Positive
s_008um_00145_00433-1,False Positive
s_008um_00145_00505-1,False Positive
s_008um_00145_00506-1,False Positive
s_008um_00146_00433-1,False Positive
s_008um_00146_00505-1,False Positive
s_008um_00146_00506-1,False Positive
s_008um_00147_00505-1,False Positive
s_008um_00147_00506-1,False Positive
s_008um_00148_00353-1,False Positive
s_008um_00148_00354-1,False Positive
s_008um_00148_00505-1,False Positive
s_008um_00148_00506-1,False Positive
s_008um_00149_00350-1,False Positive
s_008um_00149_00354-1,False Positive
s_008um_00149_00506-1,False Positive
s_008um_00150_00354-1,False Positive
s_008um_00150_00355-1,False Positive
s_008um_00150_00512-1,False Positive
s_008um_00151_00354-1,False Positive
s_008um_00151_00567-1,False Positive
s_008um_00152_00354-1,False Positive
s_008um_00152_00440-1,False Positive
s_008um_00154_00435-1,False Positive
s_008um_00155_00297-1,False Positive
s_008um_00155_00298-1,False Positive
s_008um_00155_00299-1,False Positive
s_008um_00155_00300-1,False Positive
s_008um_00155_00301-1,False Positive
s_008um_00155_00302-1,False Positive
s_008um_00155_00435-1,False Positive
s_008um_00155_00436-1,False Positive
s_008um_00156_00296-1,False Positive
s_008um_00156_00303-1,False Positive
s_008um_00156_00394-1,False Positive
s_008um_00156_00395-1,False Positive
s_008um_00156_00396-1,False Positive
s_008um_00156_00435-1,False Positive
s_008um_00156_00436-1,False Positive
s_008um_00156_00437-1,False Positive
s_008um_00157_00303-1,False Positive
s_008um_00157_00394-1,False Positive
s_008um_00157_00395-1,False Positive
s_008um_00158_00303-1,False Positive
s_008um_00158_00338-1,False Positive
s_008um_00158_00339-1,False Positive
s_008um_00158_00340-1,False Positive
s_008um_00158_00341-1,False Positive
s_008um_00158_00342-1,False Positive
s_008um_00158_00391-1,False Positive
s_008um_00158_00392-1,False Positive
s_008um_00158_00393-1,False Positive
s_008um_00158_00394-1,False Positive
s_008um_00158_00395-1,False Positive
s_008um_00158_00396-1,False Positive
s_008um_00158_00603-1,False Positive
s_008um_00158_00604-1,False Positive
s_008um_00158_00606-1,False Positive
s_008um_00158_00676-1,False Positive
s_008um_00159_00303-1,False Positive
s_008um_00159_00337-1,False Positive
s_008um_00159_00338-1,False Positive
s_008um_00159_00342-1,False Positive
s_008um_00159_00390-1,False Positive
s_008um_00159_00391-1,False Positive
s_008um_00159_00392-1,False Positive
s_008um_00159_00393-1,False Positive
s_008um_00159_00394-1,False Positive
s_008um_00159_00395-1,False Positive
s_008um_00159_00396-1,False Positive
s_008um_00159_00397-1,False Positive
s_008um_00159_00498-1,False Positive
s_008um_00159_00502-1,False Positive
s_008um_00159_00503-1,False Positive
s_008um_00159_00602-1,False Positive
s_008um_00159_00676-1,False Positive
s_008um_00160_00336-1,False Positive
s_008um_00160_00390-1,False Positive
s_008um_00160_00391-1,False Positive
s_008um_00160_00392-1,False Positive
s_008um_00160_00393-1,False Positive
s_008um_00160_00394-1,False Positive
s_008um_00160_00395-1,False Positive
s_008um_00160_00396-1,False Positive
s_008um_00160_00397-1,False Positive
s_008um_00160_00601-1,False Positive
s_008um_00161_00298-1,False Positive
s_008um_00161_00336-1,False Positive
s_008um_00161_00391-1,False Positive
s_008um_00161_00392-1,False Positive
s_008um_00161_00393-1,False Positive
s_008um_00161_00394-1,False Positive
s_008um_00161_00395-1,False Positive
s_008um_00161_00396-1,False Positive
s_008um_00161_00397-1,False Positive
s_008um_00161_00601-1,False Positive
s_008um_00161_00681-1,False Positive
s_008um_00162_00336-1,False Positive
s_008um_00162_00392-1,False Positive
s_008um_00162_00393-1,False Positive
s_008um_00162_00394-1,False Positive
s_008um_00162_00395-1,False Positive
s_008um_00162_00396-1,False Positive
s_008um_00162_00680-1,False Positive
s_008um_00162_00698-1,False Positive
s_008um_00162_00699-1,False Positive
s_008um_00162_00700-1,False Positive
s_008um_00163_00336-1,False Positive
s_008um_00163_00680-1,False Positive
s_008um_00163_00697-1,False Positive
s_008um_00163_00698-1,False Positive
s_008um_00163_00699-1,False Positive
s_008um_00163_00700-1,False Positive
s_008um_00163_00701-1,False Positive
s_008um_00164_00342-1,False Positive
s_008um_00164_00595-1,False Positive
s_008um_00164_00602-1,False Positive
s_008um_00164_00680-1,False Positive
s_008um_00164_00681-1,False Positive
s_008um_00165_00594-1,False Positive
s_008um_00165_00680-1,False Positive
s_008um_00165_00681-1,False Positive
s_008um_00166_00298-1,False Positive
s_008um_00166_00568-1,False Positive
s_008um_00166_00592-1,False Positive
s_008um_00166_00626-1,False Positive
s_008um_00166_00682-1,False Positive
s_008um_00166_00683-1,False Positive
s_008um_00166_00736-1,False Positive
s_008um_00166_00737-1,False Positive
s_008um_00166_00738-1,False Positive
s_008um_00166_00739-1,False Positive
s_008um_00167_00297-1,False Positive
s_008um_00167_00567-1,False Positive
s_008um_00167_00612-1,False Positive
s_008um_00167_00626-1,False Positive
s_008um_00167_00734-1,False Positive
s_008um_00167_00735-1,False Positive
s_008um_00167_00736-1,False Positive
s_008um_00167_00737-1,False Positive
s_008um_00167_00738-1,False Positive
s_008um_00167_00739-1,False Positive
s_008um_00167_00740-1,False Positive
s_008um_00167_00741-1,False Positive
s_008um_00168_00297-1,False Positive
s_008um_00168_00567-1,False Positive
s_008um_00168_00612-1,False Positive
s_008um_00168_00613-1,False Positive
s_008um_00168_00614-1,False Positive
s_008um_00168_00625-1,False Positive
s_008um_00168_00626-1,False Positive
s_008um_00168_00671-1,False Positive
s_008um_00168_00697-1,False Positive
s_008um_00168_00698-1,False Positive
s_008um_00168_00734-1,False Positive
s_008um_00168_00735-1,False Positive
s_008um_00168_00736-1,False Positive
s_008um_00168_00737-1,False Positive
s_008um_00168_00738-1,False Positive
s_008um_00168_00739-1,False Positive
s_008um_00168_00740-1,False Positive
s_008um_00168_00741-1,False Positive
s_008um_00169_00297-1,False Positive
s_008um_00169_00338-1,False Positive
s_008um_00169_00567-1,False Positive
s_008um_00169_00568-1,False Positive
s_008um_00169_00612-1,False Positive
s_008um_00169_00613-1,False Positive
s_008um_00169_00614-1,False Positive
s_008um_00169_00615-1,False Positive
s_008um_00169_00616-1,False Positive
s_008um_00169_00671-1,False Positive
s_008um_00169_00697-1,False Positive
s_008um_00169_00698-1,False Positive
s_008um_00169_00699-1,False Positive
s_008um_00169_00700-1,False Positive
s_008um_00169_00734-1,False Positive
s_008um_00169_00735-1,False Positive
s_008um_00169_00736-1,False Positive
s_008um_00169_00737-1,False Positive
s_008um_00169_00738-1,False Positive
s_008um_00169_00739-1,False Positive
s_008um_00169_00740-1,False Positive
s_008um_00169_00741-1,False Positive
s_008um_00169_00742-1,False Positive
s_008um_00170_00282-1,False Positive
s_008um_00170_00283-1,False Positive
s_008um_00170_00297-1,False Positive
s_008um_00170_00337-1,False Positive
s_008um_00170_00338-1,False Positive
s_008um_00170_00494-1,False Positive
s_008um_00170_00495-1,False Positive
s_008um_00170_00498-1,False Positive
s_008um_00170_00567-1,False Positive
s_008um_00170_00568-1,False Positive
s_008um_00170_00589-1,False Positive
s_008um_00170_00590-1,False Positive
s_008um_00170_00591-1,False Positive
s_008um_00170_00592-1,False Positive
s_008um_00170_00593-1,False Positive
s_008um_00170_00613-1,False Positive
s_008um_00170_00614-1,False Positive
s_008um_00170_00615-1,False Positive
s_008um_00170_00616-1,False Positive
s_008um_00170_00617-1,False Positive
s_008um_00170_00618-1,False Positive
s_008um_00170_00672-1,False Positive
s_008um_00170_00734-1,False Positive
s_008um_00170_00735-1,False Positive
s_008um_00170_00736-1,False Positive
s_008um_00170_00737-1,False Positive
s_008um_00170_00738-1,False Positive
s_008um_00170_00739-1,False Positive
s_008um_00170_00740-1,False Positive
s_008um_00170_00741-1,False Positive
s_008um_00171_00281-1,False Positive
s_008um_00171_00297-1,False Positive
s_008um_00171_00337-1,False Positive
s_008um_00171_00338-1,False Positive
s_008um_00171_00494-1,False Positive
s_008um_00171_00568-1,False Positive
s_008um_00171_00569-1,False Positive
s_008um_00171_00570-1,False Positive
s_008um_00171_00589-1,False Positive
s_008um_00171_00590-1,False Positive
s_008um_00171_00591-1,False Positive
s_008um_00171_00592-1,False Positive
s_008um_00171_00593-1,False Positive
s_008um_00171_00614-1,False Positive
s_008um_00171_00615-1,False Positive
s_008um_00171_00616-1,False Positive
s_008um_00171_00617-1,False Positive
s_008um_00171_00734-1,False Positive
s_008um_00171_00735-1,False Positive
s_008um_00171_00736-1,False Positive
s_008um_00171_00737-1,False Positive
s_008um_00171_00738-1,False Positive
s_008um_00171_00739-1,False Positive
s_008um_00171_00740-1,False Positive
s_008um_00171_00741-1,False Positive
s_008um_00172_00297-1,False Positive
s_008um_00172_00298-1,False Positive
s_008um_00172_00330-1,False Positive
s_008um_00172_00333-1,False Positive
s_008um_00172_00334-1,False Positive
s_008um_00172_00337-1,False Positive
s_008um_00172_00338-1,False Positive
s_008um_00172_00493-1,False Positive
s_008um_00172_00589-1,False Positive
s_008um_00172_00590-1,False Positive
s_008um_00172_00591-1,False Positive
s_008um_00172_00592-1,False Positive
s_008um_00172_00593-1,False Positive
s_008um_00172_00629-1,False Positive
s_008um_00172_00684-1,False Positive
s_008um_00172_00734-1,False Positive
s_008um_00172_00735-1,False Positive
s_008um_00172_00736-1,False Positive
s_008um_00172_00737-1,False Positive
s_008um_00172_00738-1,False Positive
s_008um_00172_00739-1,False Positive
s_008um_00172_00740-1,False Positive
s_008um_00172_00741-1,False Positive
s_008um_00173_00329-1,False Positive
s_008um_00173_00335-1,False Positive
s_008um_00173_00337-1,False Positive
s_008um_00173_00338-1,False Positive
s_008um_00173_00493-1,False Positive
s_008um_00173_00590-1,False Positive
s_008um_00173_00591-1,False Positive
s_008um_00173_00592-1,False Positive
s_008um_00173_00630-1,False Positive
s_008um_00173_00735-1,False Positive
s_008um_00173_00736-1,False Positive
s_008um_00173_00737-1,False Positive
s_008um_00173_00738-1,False Positive
s_008um_00173_00739-1,False Positive
s_008um_00173_00740-1,False Positive
s_008um_00174_00287-1,False Positive
s_008um_00174_00335-1,False Positive
s_008um_00174_00337-1,False Positive
s_008um_00174_00338-1,False Positive
s_008um_00174_00494-1,False Positive
s_008um_00174_00584-1,False Positive
s_008um_00174_00585-1,False Positive
s_008um_00174_00586-1,False Positive
s_008um_00174_00629-1,False Positive
s_008um_00175_00287-1,False Positive
s_008um_00175_00335-1,False Positive
s_008um_00175_00583-1,False Positive
s_008um_00175_00584-1,False Positive
s_008um_00175_00585-1,False Positive
s_008um_00175_00586-1,False Positive
s_008um_00175_00587-1,False Positive
s_008um_00175_00629-1,False Positive
s_008um_00175_00684-1,False Positive
s_008um_00176_00287-1,False Positive
s_008um_00176_00335-1,False Positive
s_008um_00176_00582-1,False Positive
s_008um_00176_00583-1,False Positive
s_008um_00176_00682-1,False Positive
s_008um_00176_00683-1,False Positive
s_008um_00177_00287-1,False Positive
s_008um_00177_00582-1,False Positive
s_008um_00177_00583-1,False Positive
s_008um_00178_00463-1,False Positive
s_008um_00178_00583-1,False Positive
s_008um_00179_00583-1,False Positive
s_008um_00179_00584-1,False Positive
s_008um_00179_00606-1,False Positive
s_008um_00179_00663-1,False Positive
s_008um_00179_00695-1,False Positive
s_008um_00179_00696-1,False Positive
s_008um_00179_00697-1,False Positive
s_008um_00179_00698-1,False Positive
s_008um_00180_00584-1,False Positive
s_008um_00180_00585-1,False Positive
s_008um_00180_00586-1,False Positive
s_008um_00180_00606-1,False Positive
s_008um_00180_00607-1,False Positive
s_008um_00180_00694-1,False Positive
s_008um_00180_00695-1,False Positive
s_008um_00180_00696-1,False Positive
s_008um_00180_00697-1,False Positive
s_008um_00180_00698-1,False Positive
s_008um_00181_00607-1,False Positive
s_008um_00181_00608-1,False Positive
s_008um_00181_00609-1,False Positive
s_008um_00181_00610-1,False Positive
s_008um_00181_00611-1,False Positive
s_008um_00181_00694-1,False Positive
s_008um_00181_00695-1,False Positive
s_008um_00181_00696-1,False Positive
s_008um_00181_00697-1,False Positive
s_008um_00181_00698-1,False Positive
s_008um_00182_00266-1,False Positive
s_008um_00182_00292-1,False Positive
s_008um_00182_00293-1,False Positive
s_008um_00182_00426-1,False Positive
s_008um_00182_00427-1,False Positive
s_008um_00182_00428-1,False Positive
s_008um_00182_00429-1,False Positive
s_008um_00183_00261-1,False Positive
s_008um_00183_00267-1,False Positive
s_008um_00183_00290-1,False Positive
s_008um_00183_00291-1,False Positive
s_008um_00183_00292-1,False Positive
s_008um_00183_00293-1,False Positive
s_008um_00183_00294-1,False Positive
s_008um_00183_00295-1,False Positive
s_008um_00183_00396-1,False Positive
s_008um_00183_00425-1,False Positive
s_008um_00183_00426-1,False Positive
s_008um_00183_00427-1,False Positive
s_008um_00183_00428-1,False Positive
s_008um_00183_00429-1,False Positive
s_008um_00183_00430-1,False Positive
s_008um_00184_00261-1,False Positive
s_008um_00184_00267-1,False Positive
s_008um_00184_00268-1,False Positive
s_008um_00184_00290-1,False Positive
s_008um_00184_00291-1,False Positive
s_008um_00184_00292-1,False Positive
s_008um_00184_00293-1,False Positive
s_008um_00184_00294-1,False Positive
s_008um_00184_00295-1,False Positive
s_008um_00184_00396-1,False Positive
s_008um_00184_00425-1,False Positive
s_008um_00184_00426-1,False Positive
s_008um_00184_00427-1,False Positive
s_008um_00184_00428-1,False Positive
s_008um_00184_00429-1,False Positive
s_008um_00184_00430-1,False Positive
s_008um_00184_00580-1,False Positive
s_008um_00185_00261-1,False Positive
s_008um_00185_00267-1,False Positive
s_008um_00185_00290-1,False Positive
s_008um_00185_00291-1,False Positive
s_008um_00185_00292-1,False Positive
s_008um_00185_00293-1,False Positive
s_008um_00185_00294-1,False Positive
s_008um_00185_00295-1,False Positive
s_008um_00185_00395-1,False Positive
s_008um_00185_00425-1,False Positive
s_008um_00185_00426-1,False Positive
s_008um_00185_00427-1,False Positive
s_008um_00185_00428-1,False Positive
s_008um_00185_00429-1,False Positive
s_008um_00185_00430-1,False Positive
s_008um_00185_00579-1,False Positive
s_008um_00185_00678-1,False Positive
s_008um_00185_00684-1,False Positive
s_008um_00186_00261-1,False Positive
s_008um_00186_00262-1,False Positive
s_008um_00186_00267-1,False Positive
s_008um_00186_00290-1,False Positive
s_008um_00186_00291-1,False Positive
s_008um_00186_00292-1,False Positive
s_008um_00186_00293-1,False Positive
s_008um_00186_00294-1,False Positive
s_008um_00186_00295-1,False Positive
s_008um_00186_00425-1,False Positive
s_008um_00186_00426-1,False Positive
s_008um_00186_00427-1,False Positive
s_008um_00186_00428-1,False Positive
s_008um_00186_00429-1,False Positive
s_008um_00186_00579-1,False Positive
s_008um_00186_00600-1,False Positive
s_008um_00186_00601-1,False Positive
s_008um_00186_00602-1,False Positive
s_008um_00186_00603-1,False Positive
s_008um_00186_00604-1,False Positive
s_008um_00186_00678-1,False Positive
s_008um_00186_00728-1,False Positive
s_008um_00187_00262-1,False Positive
s_008um_00187_00263-1,False Positive
s_008um_00187_00264-1,False Positive
s_008um_00187_00265-1,False Positive
s_008um_00187_00266-1,False Positive
s_008um_00187_00267-1,False Positive
s_008um_00187_00290-1,False Positive
s_008um_00187_00291-1,False Positive
s_008um_00187_00292-1,False Positive
s_008um_00187_00293-1,False Positive
s_008um_00187_00294-1,False Positive
s_008um_00187_00295-1,False Positive
s_008um_00187_00578-1,False Positive
s_008um_00187_00599-1,False Positive
s_008um_00187_00600-1,False Positive
s_008um_00187_00604-1,False Positive
s_008um_00187_00605-1,False Positive
s_008um_00187_00617-1,False Positive
s_008um_00187_00678-1,False Positive
s_008um_00187_00730-1,False Positive
s_008um_00187_00731-1,False Positive
s_008um_00188_00263-1,False Positive
s_008um_00188_00264-1,False Positive
s_008um_00188_00290-1,False Positive
s_008um_00188_00291-1,False Positive
s_008um_00188_00292-1,False Positive
s_008um_00188_00293-1,False Positive
s_008um_00188_00294-1,False Positive
s_008um_00188_00295-1,False Positive
s_008um_00188_00335-1,False Positive
s_008um_00188_00336-1,False Positive
s_008um_00188_00337-1,False Positive
s_008um_00188_00338-1,False Positive
s_008um_00188_00339-1,False Positive
s_008um_00188_00494-1,False Positive
s_008um_00188_00578-1,False Positive
s_008um_00188_00579-1,False Positive
s_008um_00188_00599-1,False Positive
s_008um_00188_00606-1,False Positive
s_008um_00188_00617-1,False Positive
s_008um_00188_00622-1,False Positive
s_008um_00188_00679-1,False Positive
s_008um_00188_00732-1,False Positive
s_008um_00189_00292-1,False Positive
s_008um_00189_00293-1,False Positive
s_008um_00189_00319-1,False Positive
s_008um_00189_00335-1,False Positive
s_008um_00189_00579-1,False Positive
s_008um_00189_00617-1,False Positive
s_008um_00189_00622-1,False Positive
s_008um_00190_00319-1,False Positive
s_008um_00190_00334-1,False Positive
s_008um_00190_00340-1,False Positive
s_008um_00190_00500-1,False Positive
s_008um_00190_00599-1,False Positive
s_008um_00190_00617-1,False Positive
s_008um_00190_00618-1,False Positive
s_008um_00190_00708-1,False Positive
s_008um_00191_00313-1,False Positive
s_008um_00191_00319-1,False Positive
s_008um_00191_00499-1,False Positive
s_008um_00191_00599-1,False Positive
s_008um_00191_00600-1,False Positive
s_008um_00191_00618-1,False Positive
s_008um_00191_00619-1,False Positive
s_008um_00191_00659-1,False Positive
s_008um_00192_00314-1,False Positive
s_008um_00192_00318-1,False Positive
s_008um_00192_00392-1,False Positive
s_008um_00192_00393-1,False Positive
s_008um_00192_00394-1,False Positive
s_008um_00192_00395-1,False Positive
s_008um_00192_00600-1,False Positive
s_008um_00192_00601-1,False Positive
s_008um_00192_00602-1,False Positive
s_008um_00192_00659-1,False Positive
s_008um_00192_00660-1,False Positive
s_008um_00192_00707-1,False Positive
s_008um_00193_00334-1,False Positive
s_008um_00193_00339-1,False Positive
s_008um_00193_00602-1,False Positive
s_008um_00193_00603-1,False Positive
s_008um_00193_00604-1,False Positive
s_008um_00193_00605-1,False Positive
s_008um_00193_00661-1,False Positive
s_008um_00193_00705-1,False Positive
s_008um_00193_00706-1,False Positive
s_008um_00193_00724-1,False Positive
s_008um_00194_00335-1,False Positive
s_008um_00194_00336-1,False Positive
s_008um_00194_00337-1,False Positive
s_008um_00194_00641-1,False Positive
s_008um_00194_00724-1,False Positive
s_008um_00194_00725-1,False Positive
s_008um_00194_00732-1,False Positive
s_008um_00195_00265-1,False Positive
s_008um_00195_00266-1,False Positive
s_008um_00195_00267-1,False Positive
s_008um_00195_00642-1,False Positive
s_008um_00195_00725-1,False Positive
s_008um_00195_00726-1,False Positive
s_008um_00195_00731-1,False Positive
s_008um_00196_00263-1,False Positive
s_008um_00196_00264-1,False Positive
s_008um_00196_00265-1,False Positive
s_008um_00196_00266-1,False Positive
s_008um_00196_00267-1,False Positive
s_008um_00196_00268-1,False Positive
s_008um_00196_00269-1,False Positive
s_008um_00196_00270-1,False Positive
s_008um_00196_00324-1,False Positive
s_008um_00196_00642-1,False Positive
s_008um_00197_00262-1,False Positive
s_008um_00197_00263-1,False Positive
s_008um_00197_00264-1,False Positive
s_008um_00197_00265-1,False Positive
s_008um_00197_00269-1,False Positive
s_008um_00197_00270-1,False Positive
s_008um_00197_00271-1,False Positive
s_008um_00197_00324-1,False Positive
s_008um_00197_00397-1,False Positive
s_008um_00197_00641-1,False Positive
s_008um_00198_00262-1,False Positive
s_008um_00198_00263-1,False Positive
s_008um_00198_00264-1,False Positive
s_008um_00198_00271-1,False Positive
s_008um_00198_00320-1,False Positive
s_008um_00198_00321-1,False Positive
s_008um_00198_00322-1,False Positive
s_008um_00198_00323-1,False Positive
s_008um_00198_00396-1,False Positive
s_008um_00198_00397-1,False Positive
s_008um_00198_00485-1,False Positive
s_008um_00198_00693-1,False Positive
s_008um_00198_00743-1,False Positive
s_008um_00199_00262-1,False Positive
s_008um_00199_00263-1,False Positive
s_008um_00199_00271-1,False Positive
s_008um_00199_00364-1,False Positive
s_008um_00199_00365-1,False Positive
s_008um_00199_00366-1,False Positive
s_008um_00199_00390-1,False Positive
s_008um_00199_00391-1,False Positive
s_008um_00199_00392-1,False Positive
s_008um_00199_00394-1,False Positive
s_008um_00199_00395-1,False Positive
s_008um_00199_00396-1,False Positive
s_008um_00199_00406-1,False Positive
s_008um_00199_00420-1,False Positive
s_008um_00199_00421-1,False Positive
s_008um_00199_00422-1,False Positive
s_008um_00199_00486-1,False Positive
s_008um_00199_00743-1,False Positive
s_008um_00199_00744-1,False Positive
s_008um_00200_00262-1,False Positive
s_008um_00200_00263-1,False Positive
s_008um_00200_00272-1,False Positive
s_008um_00200_00277-1,False Positive
s_008um_00200_00278-1,False Positive
s_008um_00200_00279-1,False Positive
s_008um_00200_00280-1,False Positive
s_008um_00200_00347-1,False Positive
s_008um_00200_00348-1,False Positive
s_008um_00200_00349-1,False Positive
s_008um_00200_00364-1,False Positive
s_008um_00200_00365-1,False Positive
s_008um_00200_00366-1,False Positive
s_008um_00200_00367-1,False Positive
s_008um_00200_00392-1,False Positive
s_008um_00200_00393-1,False Positive
s_008um_00200_00394-1,False Positive
s_008um_00200_00395-1,False Positive
s_008um_00200_00406-1,False Positive
s_008um_00200_00482-1,False Positive
s_008um_00200_00486-1,False Positive
s_008um_00200_00557-1,False Positive
s_008um_00200_00692-1,False Positive
s_008um_00200_00744-1,False Positive
s_008um_00201_00262-1,False Positive
s_008um_00201_00263-1,False Positive
s_008um_00201_00272-1,False Positive
s_008um_00201_00277-1,False Positive
s_008um_00201_00280-1,False Positive
s_008um_00201_00312-1,False Positive
s_008um_00201_00344-1,False Positive
s_008um_00201_00345-1,False Positive
s_008um_00201_00350-1,False Positive
s_008um_00201_00364-1,False Positive
s_008um_00201_00365-1,False Positive
s_008um_00201_00366-1,False Positive
s_008um_00201_00367-1,False Positive
s_008um_00201_00406-1,False Positive
s_008um_00201_00482-1,False Positive
s_008um_00201_00557-1,False Positive
s_008um_00201_00615-1,False Positive
s_008um_00201_00691-1,False Positive
s_008um_00201_00744-1,False Positive
s_008um_00202_00262-1,False Positive
s_008um_00202_00263-1,False Positive
s_008um_00202_00264-1,False Positive
s_008um_00202_00276-1,False Positive
s_008um_00202_00280-1,False Positive
s_008um_00202_00312-1,False Positive
s_008um_00202_00344-1,False Positive
s_008um_00202_00351-1,False Positive
s_008um_00202_00364-1,False Positive
s_008um_00202_00365-1,False Positive
s_008um_00202_00366-1,False Positive
s_008um_00202_00406-1,False Positive
s_008um_00202_00482-1,False Positive
s_008um_00202_00486-1,False Positive
s_008um_00202_00557-1,False Positive
s_008um_00202_00615-1,False Positive
s_008um_00202_00689-1,False Positive
s_008um_00203_00263-1,False Positive
s_008um_00203_00264-1,False Positive
s_008um_00203_00265-1,False Positive
s_008um_00203_00276-1,False Positive
s_008um_00203_00280-1,False Positive
s_008um_00203_00308-1,False Positive
s_008um_00203_00311-1,False Positive
s_008um_00203_00312-1,False Positive
s_008um_00203_00351-1,False Positive
s_008um_00203_00364-1,False Positive
s_008um_00203_00365-1,False Positive
s_008um_00203_00406-1,False Positive
s_008um_00203_00482-1,False Positive
s_008um_00203_00486-1,False Positive
s_008um_00203_00557-1,False Positive
s_008um_00203_00616-1,False Positive
s_008um_00203_00647-1,False Positive
s_008um_00204_00263-1,False Positive
s_008um_00204_00264-1,False Positive
s_008um_00204_00265-1,False Positive
s_008um_00204_00266-1,False Positive
s_008um_00204_00267-1,False Positive
s_008um_00204_00276-1,False Positive
s_008um_00204_00279-1,False Positive
s_008um_00204_00280-1,False Positive
s_008um_00204_00309-1,False Positive
s_008um_00204_00310-1,False Positive
s_008um_00204_00311-1,False Positive
s_008um_00204_00343-1,False Positive
s_008um_00204_00406-1,False Positive
s_008um_00204_00407-1,False Positive
s_008um_00204_00619-1,False Positive
s_008um_00204_00647-1,False Positive
s_008um_00205_00266-1,False Positive
s_008um_00205_00267-1,False Positive
s_008um_00205_00277-1,False Positive
s_008um_00205_00278-1,False Positive
s_008um_00205_00279-1,False Positive
s_008um_00205_00343-1,False Positive
s_008um_00205_00407-1,False Positive
s_008um_00205_00646-1,False Positive
s_008um_00205_00647-1,False Positive
s_008um_00206_00312-1,False Positive
s_008um_00206_00343-1,False Positive
s_008um_00206_00362-1,False Positive
s_008um_00206_00363-1,False Positive
s_008um_00206_00410-1,False Positive
s_008um_00207_00313-1,False Positive
s_008um_00207_00343-1,False Positive
s_008um_00207_00344-1,False Positive
s_008um_00207_00351-1,False Positive
s_008um_00207_00362-1,False Positive
s_008um_00207_00439-1,False Positive
s_008um_00208_00316-1,False Positive
s_008um_00208_00344-1,False Positive
s_008um_00208_00350-1,False Positive
s_008um_00208_00351-1,False Positive
s_008um_00208_00439-1,False Positive
s_008um_00208_00642-1,False Positive
s_008um_00208_00643-1,False Positive
s_008um_00209_00349-1,False Positive
s_008um_00209_00350-1,False Positive
s_008um_00209_00425-1,False Positive
s_008um_00210_00383-1,False Positive
s_008um_00210_00384-1,False Positive
s_008um_00210_00385-1,False Positive
s_008um_00210_00386-1,False Positive
s_008um_00210_00423-1,False Positive
s_008um_00210_00424-1,False Positive
s_008um_00210_00440-1,False Positive
s_008um_00210_00452-1,False Positive
s_008um_00211_00253-1,False Positive
s_008um_00211_00364-1,False Positive
s_008um_00211_00365-1,False Positive
s_008um_00211_00367-1,False Positive
s_008um_00211_00382-1,False Positive
s_008um_00211_00383-1,False Positive
s_008um_00211_00384-1,False Positive
s_008um_00211_00385-1,False Positive
s_008um_00211_00386-1,False Positive
s_008um_00211_00387-1,False Positive
s_008um_00211_00441-1,False Positive
s_008um_00211_00442-1,False Positive
s_008um_00211_00443-1,False Positive
s_008um_00211_00446-1,False Positive
s_008um_00211_00452-1,False Positive
s_008um_00211_00453-1,False Positive
s_008um_00211_00658-1,False Positive
s_008um_00211_00731-1,False Positive
s_008um_00212_00254-1,False Positive
s_008um_00212_00365-1,False Positive
s_008um_00212_00382-1,False Positive
s_008um_00212_00383-1,False Positive
s_008um_00212_00384-1,False Positive
s_008um_00212_00385-1,False Positive
s_008um_00212_00386-1,False Positive
s_008um_00212_00387-1,False Positive
s_008um_00212_00453-1,False Positive
s_008um_00212_00658-1,False Positive
s_008um_00212_00663-1,False Positive
s_008um_00212_00731-1,False Positive
s_008um_00212_00732-1,False Positive
s_008um_00213_00255-1,False Positive
s_008um_00213_00277-1,False Positive
s_008um_00213_00382-1,False Positive
s_008um_00213_00383-1,False Positive
s_008um_00213_00384-1,False Positive
s_008um_00213_00385-1,False Positive
s_008um_00213_00386-1,False Positive
s_008um_00213_00453-1,False Positive
s_008um_00214_00255-1,False Positive
s_008um_00214_00273-1,False Positive
s_008um_00214_00277-1,False Positive
s_008um_00214_00382-1,False Positive
s_008um_00214_00383-1,False Positive
s_008um_00214_00384-1,False Positive
s_008um_00214_00385-1,False Positive
s_008um_00214_00386-1,False Positive
s_008um_00215_00273-1,False Positive
s_008um_00215_00274-1,False Positive
s_008um_00215_00275-1,False Positive
s_008um_00215_00276-1,False Positive
s_008um_00215_00277-1,False Positive
s_008um_00215_00413-1,False Positive
s_008um_00215_00414-1,False Positive
s_008um_00215_00415-1,False Positive
s_008um_00216_00243-1,False Positive
s_008um_00216_00244-1,False Positive
s_008um_00216_00251-1,False Positive
s_008um_00216_00255-1,False Positive
s_008um_00216_00275-1,False Positive
s_008um_00216_00276-1,False Positive
s_008um_00216_00416-1,False Positive
s_008um_00216_00747-1,False Positive
s_008um_00217_00242-1,False Positive
s_008um_00217_00244-1,False Positive
s_008um_00217_00245-1,False Positive
s_008um_00217_00251-1,False Positive
s_008um_00217_00252-1,False Positive
s_008um_00217_00253-1,False Positive
s_008um_00217_00254-1,False Positive
s_008um_00217_00667-1,False Positive
s_008um_00217_00688-1,False Positive
s_008um_00217_00748-1,False Positive
s_008um_00218_00241-1,False Positive
s_008um_00218_00242-1,False Positive
s_008um_00218_00245-1,False Positive
s_008um_00219_00241-1,False Positive
s_008um_00219_00242-1,False Positive
s_008um_00219_00245-1,False Positive
s_008um_00219_00413-1,False Positive
s_008um_00219_00486-1,False Positive
s_008um_00219_00693-1,False Positive
s_008um_00220_00241-1,False Positive
s_008um_00220_00242-1,False Positive
s_008um_00220_00243-1,False Positive
s_008um_00220_00244-1,False Positive
s_008um_00220_00245-1,False Positive
s_008um_00220_00460-1,False Positive
s_008um_00220_00693-1,False Positive
s_008um_00221_00242-1,False Positive
s_008um_00221_00243-1,False Positive
s_008um_00221_00244-1,False Positive
s_008um_00221_00245-1,False Positive
s_008um_00221_00316-1,False Positive
s_008um_00221_00453-1,False Positive
s_008um_00221_00454-1,False Positive
s_008um_00221_00457-1,False Positive
s_008um_00221_00458-1,False Positive
s_008um_00221_00460-1,False Positive
s_008um_00221_00693-1,False Positive
s_008um_00222_00302-1,False Positive
s_008um_00222_00305-1,False Positive
s_008um_00222_00316-1,False Positive
s_008um_00222_00317-1,False Positive
s_008um_00222_00321-1,False Positive
s_008um_00222_00453-1,False Positive
s_008um_00222_00454-1,False Positive
s_008um_00222_00457-1,False Positive
s_008um_00222_00458-1,False Positive
s_008um_00222_00459-1,False Positive
s_008um_00222_00460-1,False Positive
s_008um_00223_00301-1,False Positive
s_008um_00223_00316-1,False Positive
s_008um_00223_00317-1,False Positive
s_008um_00223_00318-1,False Positive
s_008um_00223_00319-1,False Positive
s_008um_00223_00320-1,False Positive
s_008um_00223_00321-1,False Positive
s_008um_00223_00453-1,False Positive
s_008um_00223_00454-1,False Positive
s_008um_00223_00458-1,False Positive
s_008um_00223_00459-1,False Positive
s_008um_00223_00460-1,False Positive
s_008um_00224_00301-1,False Positive
s_008um_00224_00317-1,False Positive
s_008um_00224_00318-1,False Positive
s_008um_00224_00319-1,False Positive
s_008um_00224_00320-1,False Positive
s_008um_00224_00453-1,False Positive
s_008um_00224_00454-1,False Positive
s_008um_00224_00458-1,False Positive
s_008um_00224_00460-1,False Positive
s_008um_00225_00301-1,False Positive
s_008um_00225_00302-1,False Positive
s_008um_00225_00454-1,False Positive
s_008um_00225_00455-1,False Positive
s_008um_00225_00457-1,False Positive
s_008um_00225_00458-1,False Positive
s_008um_00225_00460-1,False Positive
s_008um_00225_00461-1,False Positive
s_008um_00225_00462-1,False Positive
s_008um_00225_00480-1,False Positive
s_008um_00225_00737-1,False Positive
s_008um_00226_00301-1,False Positive
s_008um_00226_00302-1,False Positive
s_008um_00226_00303-1,False Positive
s_008um_00226_00304-1,False Positive
s_008um_00226_00305-1,False Positive
s_008um_00226_00455-1,False Positive
s_008um_00226_00456-1,False Positive
s_008um_00226_00457-1,False Positive
s_008um_00226_00480-1,False Positive
s_008um_00226_00695-1,False Positive
s_008um_00226_00737-1,False Positive
s_008um_00226_00738-1,False Positive
s_008um_00229_00264-1,False Positive
s_008um_00229_00695-1,False Positive
s_008um_00229_00696-1,False Positive
s_008um_00229_00698-1,False Positive
s_008um_00230_00265-1,False Positive
s_008um_00230_00580-1,False Positive
s_008um_00231_00243-1,False Positive
s_008um_00231_00244-1,False Positive
s_008um_00231_00248-1,False Positive
s_008um_00231_00249-1,False Positive
s_008um_00231_00250-1,False Positive
s_008um_00231_00266-1,False Positive
s_008um_00231_00581-1,False Positive
s_008um_00231_00715-1,False Positive
s_008um_00232_00242-1,False Positive
s_008um_00232_00243-1,False Positive
s_008um_00232_00250-1,False Positive
s_008um_00232_00266-1,False Positive
s_008um_00232_00581-1,False Positive
s_008um_00232_00718-1,False Positive
s_008um_00233_00242-1,False Positive
s_008um_00233_00243-1,False Positive
s_008um_00233_00260-1,False Positive
s_008um_00233_00266-1,False Positive
s_008um_00233_00581-1,False Positive
s_008um_00234_00260-1,False Positive
s_008um_00234_00266-1,False Positive
s_008um_00234_00576-1,False Positive
s_008um_00234_00577-1,False Positive
s_008um_00234_00580-1,False Positive
s_008um_00234_00581-1,False Positive
s_008um_00235_00266-1,False Positive
s_008um_00235_00577-1,False Positive
s_008um_00235_00578-1,False Positive
s_008um_00235_00579-1,False Positive
s_008um_00235_00580-1,False Positive
s_008um_00236_00265-1,False Positive
s_008um_00239_00269-1,False Positive
s_008um_00239_00758-1,False Positive
s_008um_00239_00759-1,False Positive
s_008um_00239_00760-1,False Positive
s_008um_00239_00761-1,False Positive
s_008um_00239_00762-1,False Positive
s_008um_00240_00268-1,False Positive
s_008um_00240_00269-1,False Positive
s_008um_00240_00275-1,False Positive
s_008um_00240_00758-1,False Positive
s_008um_00240_00759-1,False Positive
s_008um_00240_00760-1,False Positive
s_008um_00240_00761-1,False Positive
s_008um_00240_00762-1,False Positive
s_008um_00241_00268-1,False Positive
s_008um_00241_00269-1,False Positive
s_008um_00241_00275-1,False Positive
s_008um_00241_00758-1,False Positive
s_008um_00241_00759-1,False Positive
s_008um_00241_00760-1,False Positive
s_008um_00241_00761-1,False Positive
s_008um_00241_00762-1,False Positive
s_008um_00242_00248-1,False Positive
s_008um_00242_00268-1,False Positive
s_008um_00242_00269-1,False Positive
s_008um_00242_00275-1,False Positive
s_008um_00242_00759-1,False Positive
s_008um_00242_00760-1,False Positive
s_008um_00242_00761-1,False Positive
s_008um_00242_00762-1,False Positive
s_008um_00243_00247-1,False Positive
s_008um_00243_00269-1,False Positive
s_008um_00243_00629-1,False Positive
s_008um_00243_00630-1,False Positive
s_008um_00243_00759-1,False Positive
s_008um_00243_00760-1,False Positive
s_008um_00243_00761-1,False Positive
s_008um_00243_00762-1,False Positive
s_008um_00244_00246-1,False Positive
s_008um_00244_00247-1,False Positive
s_008um_00244_00270-1,False Positive
s_008um_00244_00271-1,False Positive
s_008um_00244_00626-1,False Positive
s_008um_00244_00631-1,False Positive
s_008um_00245_00246-1,False Positive
s_008um_00245_00247-1,False Positive
s_008um_00245_00342-1,False Positive
s_008um_00245_00626-1,False Positive
s_008um_00245_00632-1,False Positive
s_008um_00246_00246-1,False Positive
s_008um_00246_00247-1,False Positive
s_008um_00246_00248-1,False Positive
s_008um_00246_00249-1,False Positive
s_008um_00246_00339-1,False Positive
s_008um_00246_00340-1,False Positive
s_008um_00246_00341-1,False Positive
s_008um_00246_00342-1,False Positive
s_008um_00246_00608-1,False Positive
s_008um_00246_00609-1,False Positive
s_008um_00246_00626-1,False Positive
s_008um_00246_00632-1,False Positive
s_008um_00246_00748-1,False Positive
s_008um_00247_00247-1,False Positive
s_008um_00247_00248-1,False Positive
s_008um_00247_00249-1,False Positive
s_008um_00247_00250-1,False Positive
s_008um_00247_00421-1,False Positive
s_008um_00247_00422-1,False Positive
s_008um_00247_00606-1,False Positive
s_008um_00247_00607-1,False Positive
s_008um_00247_00608-1,False Positive
s_008um_00247_00626-1,False Positive
s_008um_00247_00632-1,False Positive
s_008um_00248_00606-1,False Positive
s_008um_00248_00607-1,False Positive
s_008um_00248_00632-1,False Positive
s_008um_00248_00731-1,False Positive
s_008um_00249_00606-1,False Positive
s_008um_00249_00607-1,False Positive
s_008um_00249_00731-1,False Positive
s_008um_00250_00607-1,False Positive
s_008um_00250_00608-1,False Positive
s_008um_00250_00724-1,False Positive
s_008um_00251_00607-1,False Positive
s_008um_00251_00608-1,False Positive
s_008um_00251_00609-1,False Positive
s_008um_00251_00610-1,False Positive
s_008um_00251_00724-1,False Positive
s_008um_00251_00725-1,False Positive
s_008um_00251_00730-1,False Positive
s_008um_00252_00725-1,False Positive
s_008um_00252_00726-1,False Positive
s_008um_00252_00729-1,False Positive
s_008um_00253_00596-1,False Positive
s_008um_00254_00338-1,False Positive
s_008um_00254_00367-1,False Positive
s_008um_00254_00455-1,False Positive
s_008um_00254_00596-1,False Positive
s_008um_00255_00337-1,False Positive
s_008um_00255_00455-1,False Positive
s_008um_00255_00596-1,False Positive
s_008um_00255_00597-1,False Positive
s_008um_00256_00326-1,False Positive
s_008um_00256_00337-1,False Positive
s_008um_00256_00455-1,False Positive
s_008um_00256_00471-1,False Positive
s_008um_00256_00597-1,False Positive
s_008um_00256_00598-1,False Positive
s_008um_00257_00327-1,False Positive
s_008um_00257_00426-1,False Positive
s_008um_00257_00427-1,False Positive
s_008um_00257_00428-1,False Positive
s_008um_00257_00429-1,False Positive
s_008um_00257_00455-1,False Positive
s_008um_00257_00471-1,False Positive
s_008um_00257_00598-1,False Positive
s_008um_00257_00600-1,False Positive
s_008um_00257_00601-1,False Positive
s_008um_00258_00327-1,False Positive
s_008um_00258_00328-1,False Positive
s_008um_00258_00372-1,False Positive
s_008um_00258_00425-1,False Positive
s_008um_00258_00426-1,False Positive
s_008um_00258_00427-1,False Positive
s_008um_00258_00428-1,False Positive
s_008um_00258_00429-1,False Positive
s_008um_00258_00454-1,False Positive
s_008um_00258_00471-1,False Positive
s_008um_00258_00602-1,False Positive
s_008um_00259_00371-1,False Positive
s_008um_00259_00406-1,False Positive
s_008um_00259_00411-1,False Positive
s_008um_00259_00425-1,False Positive
s_008um_00259_00426-1,False Positive
s_008um_00259_00427-1,False Positive
s_008um_00259_00428-1,False Positive
s_008um_00259_00429-1,False Positive
s_008um_00259_00430-1,False Positive
s_008um_00259_00471-1,False Positive
s_008um_00259_00472-1,False Positive
s_008um_00259_00602-1,False Positive
s_008um_00260_00406-1,False Positive
s_008um_00260_00407-1,False Positive
s_008um_00260_00410-1,False Positive
s_008um_00260_00411-1,False Positive
s_008um_00260_00425-1,False Positive
s_008um_00260_00426-1,False Positive
s_008um_00260_00427-1,False Positive
s_008um_00260_00428-1,False Positive
s_008um_00260_00429-1,False Positive
s_008um_00260_00430-1,False Positive
s_008um_00260_00472-1,False Positive
s_008um_00260_00473-1,False Positive
s_008um_00260_00474-1,False Positive
s_008um_00260_00601-1,False Positive
s_008um_00260_00602-1,False Positive
s_008um_00261_00357-1,False Positive
s_008um_00261_00358-1,False Positive
s_008um_00261_00359-1,False Positive
s_008um_00261_00360-1,False Positive
s_008um_00261_00362-1,False Positive
s_008um_00261_00407-1,False Positive
s_008um_00261_00408-1,False Positive
s_008um_00261_00409-1,False Positive
s_008um_00261_00410-1,False Positive
s_008um_00261_00411-1,False Positive
s_008um_00261_00425-1,False Positive
s_008um_00261_00426-1,False Positive
s_008um_00261_00427-1,False Positive
s_008um_00261_00428-1,False Positive
s_008um_00261_00429-1,False Positive
s_008um_00261_00581-1,False Positive
s_008um_00261_00582-1,False Positive
s_008um_00261_00583-1,False Positive
s_008um_00261_00602-1,False Positive
s_008um_00261_00603-1,False Positive
s_008um_00261_00604-1,False Positive
s_008um_00262_00426-1,False Positive
s_008um_00262_00427-1,False Positive
s_008um_00262_00428-1,False Positive
s_008um_00262_00429-1,False Positive
s_008um_00262_00436-1,False Positive
s_008um_00262_00580-1,False Positive
s_008um_00263_00436-1,False Positive
s_008um_00263_00486-1,False Positive
s_008um_00263_00659-1,False Positive
s_008um_00263_00662-1,False Positive
s_008um_00264_00436-1,False Positive
s_008um_00264_00486-1,False Positive
s_008um_00264_00659-1,False Positive
s_008um_00265_00436-1,False Positive
s_008um_00265_00437-1,False Positive
s_008um_00265_00438-1,False Positive
s_008um_00265_00659-1,False Positive
s_008um_00266_00659-1,False Positive
s_008um_00266_00682-1,False Positive
s_008um_00267_00682-1,False Positive
s_008um_00268_00332-1,False Positive
s_008um_00268_00682-1,False Positive
s_008um_00268_00683-1,False Positive
s_008um_00268_00737-1,False Positive
s_008um_00268_00768-1,False Positive
s_008um_00268_00769-1,False Positive
s_008um_00268_00770-1,False Positive
s_008um_00268_00772-1,False Positive
s_008um_00268_00773-1,False Positive
s_008um_00269_00326-1,False Positive
s_008um_00269_00332-1,False Positive
s_008um_00269_00334-1,False Positive
s_008um_00269_00683-1,False Positive
s_008um_00269_00684-1,False Positive
s_008um_00269_00685-1,False Positive
s_008um_00269_00786-1,False Positive
s_008um_00269_00787-1,False Positive
s_008um_00270_00332-1,False Positive
s_008um_00270_00767-1,False Positive
s_008um_00270_00786-1,False Positive
s_008um_00270_00787-1,False Positive
s_008um_00270_00788-1,False Positive
s_008um_00271_00327-1,False Positive
s_008um_00271_00331-1,False Positive
s_008um_00271_00332-1,False Positive
s_008um_00271_00643-1,False Positive
s_008um_00271_00767-1,False Positive
s_008um_00271_00786-1,False Positive
s_008um_00271_00787-1,False Positive
s_008um_00271_00788-1,False Positive
s_008um_00271_00789-1,False Positive
s_008um_00272_00329-1,False Positive
s_008um_00272_00572-1,False Positive
s_008um_00272_00648-1,False Positive
s_008um_00272_00768-1,False Positive
s_008um_00272_00769-1,False Positive
s_008um_00272_00787-1,False Positive
s_008um_00272_00788-1,False Positive
s_008um_00272_00789-1,False Positive
s_008um_00273_00579-1,False Positive
s_008um_00273_00649-1,False Positive
s_008um_00273_00769-1,False Positive
s_008um_00273_00770-1,False Positive
s_008um_00273_00771-1,False Positive
s_008um_00276_00568-1,False Positive
s_008um_00276_00569-1,False Positive
s_008um_00276_00570-1,False Positive
s_008um_00276_00571-1,False Positive
s_008um_00276_00572-1,False Positive
s_008um_00277_00433-1,False Positive
s_008um_00278_00432-1,False Positive
s_008um_00278_00752-1,False Positive
s_008um_00279_00205-1,False Positive
s_008um_00279_00431-1,False Positive
s_008um_00279_00440-1,False Positive
s_008um_00279_00601-1,False Positive
s_008um_00279_00753-1,False Positive
s_008um_00280_00205-1,False Positive
s_008um_00280_00206-1,False Positive
s_008um_00280_00431-1,False Positive
s_008um_00280_00440-1,False Positive
s_008um_00280_00600-1,False Positive
s_008um_00281_00206-1,False Positive
s_008um_00281_00207-1,False Positive
s_008um_00281_00208-1,False Positive
s_008um_00281_00209-1,False Positive
s_008um_00281_00210-1,False Positive
s_008um_00281_00431-1,False Positive
s_008um_00281_00440-1,False Positive
s_008um_00281_00600-1,False Positive
s_008um_00282_00378-1,False Positive
s_008um_00282_00431-1,False Positive
s_008um_00282_00600-1,False Positive
s_008um_00282_00745-1,False Positive
s_008um_00283_00378-1,False Positive
s_008um_00283_00379-1,False Positive
s_008um_00283_00431-1,False Positive
s_008um_00284_00431-1,False Positive
s_008um_00284_00432-1,False Positive
s_008um_00284_00439-1,False Positive
s_008um_00284_00473-1,False Positive
s_008um_00285_00431-1,False Positive
s_008um_00285_00432-1,False Positive
s_008um_00285_00433-1,False Positive
s_008um_00285_00434-1,False Positive
s_008um_00285_00435-1,False Positive
s_008um_00285_00437-1,False Positive
s_008um_00285_00438-1,False Positive
s_008um_00285_00472-1,False Positive
s_008um_00285_00746-1,False Positive
s_008um_00286_00432-1,False Positive
s_008um_00286_00433-1,False Positive
s_008um_00286_00434-1,False Positive
s_008um_00286_00435-1,False Positive
s_008um_00286_00436-1,False Positive
s_008um_00286_00437-1,False Positive
s_008um_00286_00485-1,False Positive
s_008um_00286_00497-1,False Positive
s_008um_00286_00498-1,False Positive
s_008um_00286_00499-1,False Positive
s_008um_00286_00500-1,False Positive
s_008um_00287_00389-1,False Positive
s_008um_00287_00390-1,False Positive
s_008um_00287_00391-1,False Positive
s_008um_00287_00392-1,False Positive
s_008um_00288_00226-1,False Positive
s_008um_00288_00339-1,False Positive
s_008um_00288_00340-1,False Positive
s_008um_00288_00388-1,False Positive
s_008um_00288_00389-1,False Positive
s_008um_00288_00390-1,False Positive
s_008um_00288_00391-1,False Positive
s_008um_00288_00392-1,False Positive
s_008um_00288_00393-1,False Positive
s_008um_00288_00484-1,False Positive
s_008um_00289_00227-1,False Positive
s_008um_00289_00388-1,False Positive
s_008um_00289_00389-1,False Positive
s_008um_00289_00390-1,False Positive
s_008um_00289_00391-1,False Positive
s_008um_00289_00392-1,False Positive
s_008um_00289_00393-1,False Positive
s_008um_00289_00454-1,False Positive
s_008um_00289_00509-1,False Positive
s_008um_00290_00228-1,False Positive
s_008um_00290_00229-1,False Positive
s_008um_00290_00387-1,False Positive
s_008um_00290_00388-1,False Positive
s_008um_00290_00389-1,False Positive
s_008um_00290_00390-1,False Positive
s_008um_00290_00391-1,False Positive
s_008um_00290_00392-1,False Positive
s_008um_00290_00393-1,False Positive
s_008um_00290_00455-1,False Positive
s_008um_00290_00501-1,False Positive
s_008um_00290_00510-1,False Positive
s_008um_00290_00511-1,False Positive
s_008um_00290_00512-1,False Positive
s_008um_00291_00228-1,False Positive
s_008um_00291_00388-1,False Positive
s_008um_00291_00389-1,False Positive
s_008um_00291_00390-1,False Positive
s_008um_00291_00391-1,False Positive
s_008um_00291_00392-1,False Positive
s_008um_00291_00393-1,False Positive
s_008um_00291_00500-1,False Positive
s_008um_00291_00501-1,False Positive
s_008um_00291_00502-1,False Positive
s_008um_00291_00774-1,False Positive
s_008um_00292_00223-1,False Positive
s_008um_00292_00227-1,False Positive
s_008um_00292_00228-1,False Positive
s_008um_00292_00389-1,False Positive
s_008um_00292_00390-1,False Positive
s_008um_00292_00391-1,False Positive
s_008um_00292_00392-1,False Positive
s_008um_00292_00449-1,False Positive
s_008um_00292_00500-1,False Positive
s_008um_00292_00505-1,False Positive
s_008um_00292_00520-1,False Positive
s_008um_00292_00633-1,False Positive
s_008um_00292_00634-1,False Positive
s_008um_00292_00635-1,False Positive
s_008um_00292_00745-1,False Positive
s_008um_00292_00775-1,False Positive
s_008um_00293_00224-1,False Positive
s_008um_00293_00225-1,False Positive
s_008um_00293_00226-1,False Positive
s_008um_00293_00227-1,False Positive
s_008um_00293_00228-1,False Positive
s_008um_00293_00451-1,False Positive
s_008um_00293_00489-1,False Positive
s_008um_00293_00519-1,False Positive
s_008um_00293_00633-1,False Positive
s_008um_00293_00636-1,False Positive
s_008um_00293_00745-1,False Positive
s_008um_00294_00228-1,False Positive
s_008um_00294_00229-1,False Positive
s_008um_00294_00519-1,False Positive
s_008um_00294_00745-1,False Positive
s_008um_00295_00254-1,False Positive
s_008um_00295_00731-1,False Positive
s_008um_00296_00253-1,False Positive
s_008um_00296_00731-1,False Positive
s_008um_00296_00736-1,False Positive
s_008um_00296_00748-1,False Positive
s_008um_00297_00252-1,False Positive
s_008um_00297_00253-1,False Positive
s_008um_00297_00500-1,False Positive
s_008um_00297_00563-1,False Positive
s_008um_00297_00731-1,False Positive
s_008um_00297_00736-1,False Positive
s_008um_00297_00737-1,False Positive
s_008um_00297_00748-1,False Positive
s_008um_00298_00252-1,False Positive
s_008um_00298_00501-1,False Positive
s_008um_00298_00519-1,False Positive
s_008um_00298_00557-1,False Positive
s_008um_00298_00562-1,False Positive
s_008um_00298_00563-1,False Positive
s_008um_00298_00595-1,False Positive
s_008um_00298_00731-1,False Positive
s_008um_00298_00736-1,False Positive
s_008um_00298_00747-1,False Positive
s_008um_00299_00252-1,False Positive
s_008um_00299_00520-1,False Positive
s_008um_00299_00521-1,False Positive
s_008um_00299_00558-1,False Positive
s_008um_00299_00559-1,False Positive
s_008um_00299_00560-1,False Positive
s_008um_00299_00561-1,False Positive
s_008um_00299_00562-1,False Positive
s_008um_00299_00574-1,False Positive
s_008um_00299_00575-1,False Positive
s_008um_00299_00576-1,False Positive
s_008um_00299_00577-1,False Positive
s_008um_00299_00732-1,False Positive
s_008um_00299_00733-1,False Positive
s_008um_00299_00735-1,False Positive
s_008um_00299_00736-1,False Positive
s_008um_00299_00771-1,False Positive
s_008um_00300_00252-1,False Positive
s_008um_00300_00455-1,False Positive
s_008um_00300_00493-1,False Positive
s_008um_00300_00494-1,False Positive
s_008um_00300_00573-1,False Positive
s_008um_00300_00578-1,False Positive
s_008um_00300_00600-1,False Positive
s_008um_00301_00260-1,False Positive
s_008um_00301_00455-1,False Positive
s_008um_00301_00492-1,False Positive
s_008um_00301_00496-1,False Positive
s_008um_00301_00573-1,False Positive
s_008um_00302_00258-1,False Positive
s_008um_00302_00259-1,False Positive
s_008um_00302_00454-1,False Positive
s_008um_00302_00491-1,False Positive
s_008um_00302_00497-1,False Positive
s_008um_00302_00573-1,False Positive
s_008um_00302_00735-1,False Positive
s_008um_00303_00335-1,False Positive
s_008um_00303_00449-1,False Positive
s_008um_00303_00450-1,False Positive
s_008um_00303_00451-1,False Positive
s_008um_00303_00452-1,False Positive
s_008um_00303_00453-1,False Positive
s_008um_00303_00491-1,False Positive
s_008um_00303_00573-1,False Positive
s_008um_00303_00735-1,False Positive
s_008um_00303_00736-1,False Positive
s_008um_00304_00492-1,False Positive
s_008um_00304_00573-1,False Positive
s_008um_00304_00574-1,False Positive
s_008um_00304_00638-1,False Positive
s_008um_00304_00735-1,False Positive
s_008um_00304_00736-1,False Positive
s_008um_00305_00228-1,False Positive
s_008um_00305_00229-1,False Positive
s_008um_00305_00230-1,False Positive
s_008um_00305_00231-1,False Positive
s_008um_00305_00232-1,False Positive
s_008um_00305_00492-1,False Positive
s_008um_00305_00493-1,False Positive
s_008um_00305_00574-1,False Positive
s_008um_00305_00575-1,False Positive
s_008um_00305_00576-1,False Positive
s_008um_00305_00578-1,False Positive
s_008um_00305_00626-1,False Positive
s_008um_00305_00639-1,False Positive
s_008um_00305_00736-1,False Positive
s_008um_00305_00737-1,False Positive
s_008um_00306_00227-1,False Positive
s_008um_00306_00228-1,False Positive
s_008um_00306_00229-1,False Positive
s_008um_00306_00230-1,False Positive
s_008um_00306_00231-1,False Positive
s_008um_00306_00232-1,False Positive
s_008um_00306_00233-1,False Positive
s_008um_00306_00495-1,False Positive
s_008um_00306_00576-1,False Positive
s_008um_00306_00626-1,False Positive
s_008um_00306_00639-1,False Positive
s_008um_00306_00736-1,False Positive
s_008um_00306_00737-1,False Positive
s_008um_00307_00227-1,False Positive
s_008um_00307_00228-1,False Positive
s_008um_00307_00229-1,False Positive
s_008um_00307_00230-1,False Positive
s_008um_00307_00231-1,False Positive
s_008um_00307_00232-1,False Positive
s_008um_00307_00233-1,False Positive
s_008um_00307_00625-1,False Positive
s_008um_00307_00634-1,False Positive
s_008um_00307_00639-1,False Positive
s_008um_00308_00227-1,False Positive
s_008um_00308_00228-1,False Positive
s_008um_00308_00229-1,False Positive
s_008um_00308_00230-1,False Positive
s_008um_00308_00231-1,False Positive
s_008um_00308_00232-1,False Positive
s_008um_00308_00233-1,False Positive
s_008um_00308_00635-1,False Positive
s_008um_00308_00638-1,False Positive
s_008um_00308_00639-1,False Positive
s_008um_00308_00769-1,False Positive
s_008um_00308_00770-1,False Positive
s_008um_00308_00771-1,False Positive
s_008um_00308_00772-1,False Positive
s_008um_00309_00227-1,False Positive
s_008um_00309_00228-1,False Positive
s_008um_00309_00229-1,False Positive
s_008um_00309_00230-1,False Positive
s_008um_00309_00231-1,False Positive
s_008um_00309_00232-1,False Positive
s_008um_00309_00233-1,False Positive
s_008um_00309_00434-1,False Positive
s_008um_00309_00635-1,False Positive
s_008um_00309_00636-1,False Positive
s_008um_00309_00637-1,False Positive
s_008um_00309_00638-1,False Positive
s_008um_00309_00761-1,False Positive
s_008um_00309_00769-1,False Positive
s_008um_00309_00770-1,False Positive
s_008um_00309_00771-1,False Positive
s_008um_00309_00772-1,False Positive
s_008um_00310_00227-1,False Positive
s_008um_00310_00228-1,False Positive
s_008um_00310_00229-1,False Positive
s_008um_00310_00230-1,False Positive
s_008um_00310_00231-1,False Positive
s_008um_00310_00232-1,False Positive
s_008um_00310_00233-1,False Positive
s_008um_00310_00434-1,False Positive
s_008um_00310_00761-1,False Positive
s_008um_00310_00769-1,False Positive
s_008um_00310_00770-1,False Positive
s_008um_00310_00771-1,False Positive
s_008um_00310_00772-1,False Positive
s_008um_00311_00228-1,False Positive
s_008um_00311_00229-1,False Positive
s_008um_00311_00230-1,False Positive
s_008um_00311_00231-1,False Positive
s_008um_00311_00232-1,False Positive
s_008um_00311_00233-1,False Positive
s_008um_00311_00434-1,False Positive
s_008um_00311_00435-1,False Positive
s_008um_00311_00761-1,False Positive
s_008um_00311_00769-1,False Positive
s_008um_00311_00770-1,False Positive
s_008um_00311_00771-1,False Positive
s_008um_00311_00772-1,False Positive
s_008um_00312_00230-1,False Positive
s_008um_00312_00231-1,False Positive
s_008um_00312_00434-1,False Positive
s_008um_00312_00435-1,False Positive
s_008um_00312_00665-1,False Positive
s_008um_00312_00751-1,False Positive
s_008um_00312_00752-1,False Positive
s_008um_00312_00770-1,False Positive
s_008um_00312_00771-1,False Positive
s_008um_00313_00329-1,False Positive
s_008um_00313_00434-1,False Positive
s_008um_00313_00435-1,False Positive
s_008um_00313_00624-1,False Positive
s_008um_00313_00665-1,False Positive
s_008um_00313_00751-1,False Positive
s_008um_00313_00752-1,False Positive
s_008um_00313_00753-1,False Positive
s_008um_00314_00329-1,False Positive
s_008um_00314_00574-1,False Positive
s_008um_00314_00624-1,False Positive
s_008um_00315_00573-1,False Positive
s_008um_00315_00624-1,False Positive
s_008um_00315_00666-1,False Positive
s_008um_00316_00245-1,False Positive
s_008um_00316_00330-1,False Positive
s_008um_00316_00624-1,False Positive
s_008um_00317_00244-1,False Positive
s_008um_00317_00625-1,False Positive
s_008um_00317_00789-1,False Positive
s_008um_00317_00790-1,False Positive
s_008um_00317_00791-1,False Positive
s_008um_00317_00792-1,False Positive
s_008um_00317_00793-1,False Positive
s_008um_00318_00241-1,False Positive
s_008um_00318_00242-1,False Positive
s_008um_00318_00572-1,False Positive
s_008um_00318_00581-1,False Positive
s_008um_00318_00584-1,False Positive
s_008um_00318_00747-1,False Positive
s_008um_00319_00211-1,False Positive
s_008um_00319_00747-1,False Positive
s_008um_00320_00212-1,False Positive
s_008um_00320_00448-1,False Positive
s_008um_00320_00452-1,False Positive
s_008um_00320_00642-1,False Positive
s_008um_00320_00747-1,False Positive
s_008um_00321_00212-1,False Positive
s_008um_00321_00448-1,False Positive
s_008um_00321_00449-1,False Positive
s_008um_00321_00450-1,False Positive
s_008um_00321_00451-1,False Positive
s_008um_00321_00573-1,False Positive
s_008um_00321_00642-1,False Positive
s_008um_00321_00643-1,False Positive
s_008um_00321_00703-1,False Positive
s_008um_00321_00747-1,False Positive
s_008um_00321_00748-1,False Positive
s_008um_00322_00212-1,False Positive
s_008um_00322_00643-1,False Positive
s_008um_00322_00703-1,False Positive
s_008um_00322_00748-1,False Positive
s_008um_00322_00749-1,False Positive
s_008um_00322_00750-1,False Positive
s_008um_00322_00751-1,False Positive
s_008um_00322_00752-1,False Positive
s_008um_00323_00199-1,False Positive
s_008um_00323_00200-1,False Positive
s_008um_00323_00201-1,False Positive
s_008um_00323_00202-1,False Positive
s_008um_00323_00212-1,False Positive
s_008um_00323_00643-1,False Positive
s_008um_00323_00703-1,False Positive
s_008um_00323_00750-1,False Positive
s_008um_00323_00751-1,False Positive
s_008um_00324_00203-1,False Positive
s_008um_00324_00471-1,False Positive
s_008um_00324_00479-1,False Positive
s_008um_00324_00643-1,False Positive
s_008um_00324_00689-1,False Positive
s_008um_00324_00703-1,False Positive
s_008um_00324_00754-1,False Positive
s_008um_00325_00204-1,False Positive
s_008um_00325_00471-1,False Positive
s_008um_00325_00479-1,False Positive
s_008um_00325_00642-1,False Positive
s_008um_00325_00643-1,False Positive
s_008um_00325_00689-1,False Positive
s_008um_00325_00703-1,False Positive
s_008um_00325_00755-1,False Positive
s_008um_00326_00204-1,False Positive
s_008um_00326_00374-1,False Positive
s_008um_00326_00375-1,False Positive
s_008um_00326_00376-1,False Positive
s_008um_00326_00377-1,False Positive
s_008um_00326_00378-1,False Positive
s_008um_00326_00471-1,False Positive
s_008um_00326_00479-1,False Positive
s_008um_00326_00689-1,False Positive
s_008um_00327_00204-1,False Positive
s_008um_00327_00291-1,False Positive
s_008um_00327_00373-1,False Positive
s_008um_00327_00381-1,False Positive
s_008um_00327_00479-1,False Positive
s_008um_00327_00689-1,False Positive
s_008um_00327_00756-1,False Positive
s_008um_00328_00204-1,False Positive
s_008um_00328_00291-1,False Positive
s_008um_00328_00381-1,False Positive
s_008um_00328_00478-1,False Positive
s_008um_00328_00479-1,False Positive
s_008um_00328_00690-1,False Positive
s_008um_00328_00712-1,False Positive
s_008um_00328_00794-1,False Positive
s_008um_00329_00291-1,False Positive
s_008um_00329_00372-1,False Positive
s_008um_00329_00381-1,False Positive
s_008um_00329_00477-1,False Positive
s_008um_00329_00478-1,False Positive
s_008um_00329_00690-1,False Positive
s_008um_00329_00691-1,False Positive
s_008um_00329_00712-1,False Positive
s_008um_00329_00794-1,False Positive
s_008um_00330_00291-1,False Positive
s_008um_00330_00372-1,False Positive
s_008um_00330_00382-1,False Positive
s_008um_00330_00626-1,False Positive
s_008um_00330_00764-1,False Positive
s_008um_00330_00765-1,False Positive
s_008um_00330_00766-1,False Positive
s_008um_00330_00767-1,False Positive
s_008um_00331_00292-1,False Positive
s_008um_00331_00372-1,False Positive
s_008um_00331_00373-1,False Positive
s_008um_00331_00625-1,False Positive
s_008um_00331_00764-1,False Positive
s_008um_00331_00765-1,False Positive
s_008um_00331_00766-1,False Positive
s_008um_00331_00767-1,False Positive
s_008um_00332_00293-1,False Positive
s_008um_00332_00373-1,False Positive
s_008um_00332_00374-1,False Positive
s_008um_00332_00378-1,False Positive
s_008um_00332_00764-1,False Positive
s_008um_00332_00765-1,False Positive
s_008um_00332_00766-1,False Positive
s_008um_00332_00767-1,False Positive
s_008um_00333_00373-1,False Positive
s_008um_00333_00374-1,False Positive
s_008um_00333_00375-1,False Positive
s_008um_00333_00376-1,False Positive
s_008um_00333_00377-1,False Positive
s_008um_00333_00765-1,False Positive
s_008um_00333_00766-1,False Positive
s_008um_00334_00625-1,False Positive
s_008um_00334_00626-1,False Positive
s_008um_00335_00625-1,False Positive
s_008um_00335_00626-1,False Positive
s_008um_00335_00627-1,False Positive
s_008um_00335_00628-1,False Positive
s_008um_00335_00694-1,False Positive
s_008um_00336_00284-1,False Positive
s_008um_00336_00285-1,False Positive
s_008um_00336_00286-1,False Positive
s_008um_00336_00287-1,False Positive
s_008um_00336_00626-1,False Positive
s_008um_00336_00627-1,False Positive
s_008um_00336_00628-1,False Positive
s_008um_00336_00629-1,False Positive
s_008um_00336_00630-1,False Positive
s_008um_00336_00631-1,False Positive
s_008um_00336_00693-1,False Positive
s_008um_00337_00234-1,False Positive
s_008um_00337_00285-1,False Positive
s_008um_00337_00286-1,False Positive
s_008um_00337_00287-1,False Positive
s_008um_00337_00693-1,False Positive
s_008um_00338_00233-1,False Positive
s_008um_00338_00237-1,False Positive
s_008um_00338_00273-1,False Positive
s_008um_00338_00286-1,False Positive
s_008um_00338_00287-1,False Positive
s_008um_00338_00288-1,False Positive
s_008um_00338_00674-1,False Positive
s_008um_00338_00675-1,False Positive
s_008um_00338_00676-1,False Positive
s_008um_00338_00678-1,False Positive
s_008um_00338_00679-1,False Positive
s_008um_00339_00238-1,False Positive
s_008um_00339_00273-1,False Positive
s_008um_00339_00287-1,False Positive
s_008um_00339_00288-1,False Positive
s_008um_00339_00673-1,False Positive
s_008um_00339_00674-1,False Positive
s_008um_00339_00680-1,False Positive
s_008um_00339_00681-1,False Positive
s_008um_00339_00734-1,False Positive
s_008um_00339_00735-1,False Positive
s_008um_00339_00736-1,False Positive
s_008um_00339_00737-1,False Positive
s_008um_00339_00791-1,False Positive
s_008um_00340_00232-1,False Positive
s_008um_00340_00238-1,False Positive
s_008um_00340_00272-1,False Positive
s_008um_00340_00287-1,False Positive
s_008um_00340_00288-1,False Positive
s_008um_00340_00673-1,False Positive
s_008um_00340_00733-1,False Positive
s_008um_00340_00734-1,False Positive
s_008um_00340_00735-1,False Positive
s_008um_00340_00736-1,False Positive
s_008um_00340_00737-1,False Positive
s_008um_00340_00791-1,False Positive
s_008um_00340_00797-1,False Positive
s_008um_00341_00233-1,False Positive
s_008um_00341_00238-1,False Positive
s_008um_00341_00272-1,False Positive
s_008um_00341_00273-1,False Positive
s_008um_00341_00286-1,False Positive
s_008um_00341_00287-1,False Positive
s_008um_00341_00318-1,False Positive
s_008um_00341_00319-1,False Positive
s_008um_00341_00733-1,False Positive
s_008um_00341_00734-1,False Positive
s_008um_00341_00735-1,False Positive
s_008um_00341_00736-1,False Positive
s_008um_00341_00737-1,False Positive
s_008um_00341_00738-1,False Positive
s_008um_00341_00764-1,False Positive
s_008um_00341_00770-1,False Positive
s_008um_00341_00797-1,False Positive
s_008um_00342_00233-1,False Positive
s_008um_00342_00234-1,False Positive
s_008um_00342_00272-1,False Positive
s_008um_00342_00273-1,False Positive
s_008um_00342_00283-1,False Positive
s_008um_00342_00284-1,False Positive
s_008um_00342_00285-1,False Positive
s_008um_00342_00305-1,False Positive
s_008um_00342_00318-1,False Positive
s_008um_00342_00325-1,False Positive
s_008um_00342_00443-1,False Positive
s_008um_00342_00444-1,False Positive
s_008um_00342_00563-1,False Positive
s_008um_00342_00567-1,False Positive
s_008um_00342_00733-1,False Positive
s_008um_00342_00734-1,False Positive
s_008um_00342_00735-1,False Positive
s_008um_00342_00736-1,False Positive
s_008um_00342_00737-1,False Positive
s_008um_00342_00738-1,False Positive
s_008um_00342_00765-1,False Positive
s_008um_00342_00769-1,False Positive
s_008um_00342_00797-1,False Positive
s_008um_00342_00798-1,False Positive
s_008um_00342_00803-1,False Positive
s_008um_00343_00273-1,False Positive
s_008um_00343_00274-1,False Positive
s_008um_00343_00303-1,False Positive
s_008um_00343_00317-1,False Positive
s_008um_00343_00318-1,False Positive
s_008um_00343_00325-1,False Positive
s_008um_00343_00437-1,False Positive
s_008um_00343_00444-1,False Positive
s_008um_00343_00446-1,False Positive
s_008um_00343_00563-1,False Positive
s_008um_00343_00568-1,False Positive
s_008um_00343_00733-1,False Positive
s_008um_00343_00734-1,False Positive
s_008um_00343_00735-1,False Positive
s_008um_00343_00736-1,False Positive
s_008um_00343_00737-1,False Positive
s_008um_00343_00738-1,False Positive
s_008um_00343_00798-1,False Positive
s_008um_00343_00799-1,False Positive
s_008um_00343_00800-1,False Positive
s_008um_00343_00801-1,False Positive
s_008um_00343_00802-1,False Positive
s_008um_00344_00303-1,False Positive
s_008um_00344_00317-1,False Positive
s_008um_00344_00318-1,False Positive
s_008um_00344_00325-1,False Positive
s_008um_00344_00437-1,False Positive
s_008um_00344_00444-1,False Positive
s_008um_00344_00563-1,False Positive
s_008um_00344_00568-1,False Positive
s_008um_00344_00576-1,False Positive
s_008um_00344_00673-1,False Positive
s_008um_00344_00681-1,False Positive
s_008um_00344_00734-1,False Positive
s_008um_00344_00735-1,False Positive
s_008um_00344_00736-1,False Positive
s_008um_00344_00737-1,False Positive
s_008um_00345_00303-1,False Positive
s_008um_00345_00317-1,False Positive
s_008um_00345_00318-1,False Positive
s_008um_00345_00325-1,False Positive
s_008um_00345_00437-1,False Positive
s_008um_00345_00563-1,False Positive
s_008um_00345_00568-1,False Positive
s_008um_00345_00576-1,False Positive
s_008um_00345_00674-1,False Positive
s_008um_00345_00735-1,False Positive
s_008um_00345_00736-1,False Positive
s_008um_00345_00737-1,False Positive
s_008um_00345_00791-1,False Positive
s_008um_00346_00303-1,False Positive
s_008um_00346_00317-1,False Positive
s_008um_00346_00318-1,False Positive
s_008um_00346_00325-1,False Positive
s_008um_00346_00353-1,False Positive
s_008um_00346_00438-1,False Positive
s_008um_00346_00439-1,False Positive
s_008um_00346_00564-1,False Positive
s_008um_00346_00566-1,False Positive
s_008um_00346_00567-1,False Positive
s_008um_00346_00786-1,False Positive
s_008um_00346_00787-1,False Positive
s_008um_00346_00790-1,False Positive
s_008um_00347_00317-1,False Positive
s_008um_00347_00318-1,False Positive
s_008um_00347_00319-1,False Positive
s_008um_00347_00354-1,False Positive
s_008um_00347_00576-1,False Positive
s_008um_00348_00317-1,False Positive
s_008um_00348_00318-1,False Positive
s_008um_00348_00319-1,False Positive
s_008um_00348_00320-1,False Positive
s_008um_00348_00323-1,False Positive
s_008um_00348_00324-1,False Positive
s_008um_00348_00706-1,False Positive
s_008um_00348_00807-1,False Positive
s_008um_00349_00319-1,False Positive
s_008um_00349_00320-1,False Positive
s_008um_00349_00321-1,False Positive
s_008um_00349_00808-1,False Positive
s_008um_00352_00453-1,False Positive
s_008um_00352_00457-1,False Positive
s_008um_00352_00810-1,False Positive
s_008um_00353_00452-1,False Positive
s_008um_00353_00458-1,False Positive
s_008um_00353_00699-1,False Positive
s_008um_00353_00810-1,False Positive
s_008um_00354_00347-1,False Positive
s_008um_00354_00452-1,False Positive
s_008um_00354_00453-1,False Positive
s_008um_00354_00458-1,False Positive
s_008um_00354_00464-1,False Positive
s_008um_00354_00700-1,False Positive
s_008um_00354_00790-1,False Positive
s_008um_00354_00791-1,False Positive
s_008um_00355_00348-1,False Positive
s_008um_00355_00349-1,False Positive
s_008um_00355_00350-1,False Positive
s_008um_00355_00370-1,False Positive
s_008um_00355_00452-1,False Positive
s_008um_00355_00453-1,False Positive
s_008um_00355_00458-1,False Positive
s_008um_00355_00459-1,False Positive
s_008um_00355_00700-1,False Positive
s_008um_00355_00768-1,False Positive
s_008um_00355_00769-1,False Positive
s_008um_00355_00770-1,False Positive
s_008um_00355_00771-1,False Positive
s_008um_00355_00789-1,False Positive
s_008um_00355_00793-1,False Positive
s_008um_00355_00794-1,False Positive
s_008um_00356_00453-1,False Positive
s_008um_00356_00700-1,False Positive
s_008um_00356_00767-1,False Positive
s_008um_00356_00770-1,False Positive
s_008um_00356_00771-1,False Positive
s_008um_00356_00772-1,False Positive
s_008um_00357_00323-1,False Positive
s_008um_00357_00369-1,False Positive
s_008um_00357_00453-1,False Positive
s_008um_00357_00700-1,False Positive
s_008um_00357_00771-1,False Positive
s_008um_00357_00772-1,False Positive
s_008um_00358_00189-1,False Positive
s_008um_00358_00190-1,False Positive
s_008um_00358_00191-1,False Positive
s_008um_00358_00192-1,False Positive
s_008um_00358_00193-1,False Positive
s_008um_00358_00245-1,False Positive
s_008um_00358_00246-1,False Positive
s_008um_00358_00323-1,False Positive
s_008um_00358_00369-1,False Positive
s_008um_00358_00700-1,False Positive
s_008um_00358_00767-1,False Positive
s_008um_00358_00771-1,False Positive
s_008um_00359_00188-1,False Positive
s_008um_00359_00189-1,False Positive
s_008um_00359_00190-1,False Positive
s_008um_00359_00191-1,False Positive
s_008um_00359_00192-1,False Positive
s_008um_00359_00193-1,False Positive
s_008um_00359_00244-1,False Positive
s_008um_00359_00245-1,False Positive
s_008um_00359_00285-1,False Positive
s_008um_00359_00286-1,False Positive
s_008um_00359_00290-1,False Positive
s_008um_00359_00291-1,False Positive
s_008um_00359_00323-1,False Positive
s_008um_00359_00364-1,False Positive
s_008um_00359_00365-1,False Positive
s_008um_00359_00366-1,False Positive
s_008um_00359_00367-1,False Positive
s_008um_00359_00368-1,False Positive
s_008um_00359_00671-1,False Positive
s_008um_00359_00672-1,False Positive
s_008um_00359_00673-1,False Positive
s_008um_00359_00674-1,False Positive
s_008um_00360_00188-1,False Positive
s_008um_00360_00189-1,False Positive
s_008um_00360_00190-1,False Positive
s_008um_00360_00191-1,False Positive
s_008um_00360_00192-1,False Positive
s_008um_00360_00193-1,False Positive
s_008um_00360_00244-1,False Positive
s_008um_00360_00245-1,False Positive
s_008um_00360_00285-1,False Positive
s_008um_00360_00291-1,False Positive
s_008um_00360_00322-1,False Positive
s_008um_00360_00792-1,False Positive
s_008um_00361_00189-1,False Positive
s_008um_00361_00190-1,False Positive
s_008um_00361_00191-1,False Positive
s_008um_00361_00192-1,False Positive
s_008um_00361_00193-1,False Positive
s_008um_00361_00244-1,False Positive
s_008um_00361_00245-1,False Positive
s_008um_00361_00284-1,False Positive
s_008um_00361_00292-1,False Positive
s_008um_00361_00482-1,False Positive
s_008um_00361_00646-1,False Positive
s_008um_00361_00647-1,False Positive
s_008um_00361_00648-1,False Positive
s_008um_00361_00649-1,False Positive
s_008um_00361_00675-1,False Positive
s_008um_00361_00738-1,False Positive
s_008um_00361_00793-1,False Positive
s_008um_00361_00794-1,False Positive
s_008um_00362_00191-1,False Positive
s_008um_00362_00244-1,False Positive
s_008um_00362_00245-1,False Positive
s_008um_00362_00284-1,False Positive
s_008um_00362_00292-1,False Positive
s_008um_00362_00481-1,False Positive
s_008um_00362_00675-1,False Positive
s_008um_00362_00738-1,False Positive
s_008um_00362_00739-1,False Positive
s_008um_00363_00244-1,False Positive
s_008um_00363_00245-1,False Positive
s_008um_00363_00284-1,False Positive
s_008um_00363_00292-1,False Positive
s_008um_00363_00480-1,False Positive
s_008um_00363_00481-1,False Positive
s_008um_00363_00670-1,False Positive
s_008um_00363_00675-1,False Positive
s_008um_00363_00738-1,False Positive
s_008um_00363_00739-1,False Positive
s_008um_00364_00244-1,False Positive
s_008um_00364_00245-1,False Positive
s_008um_00364_00284-1,False Positive
s_008um_00364_00292-1,False Positive
s_008um_00364_00480-1,False Positive
s_008um_00364_00671-1,False Positive
s_008um_00364_00672-1,False Positive
s_008um_00364_00674-1,False Positive
s_008um_00364_00735-1,False Positive
s_008um_00364_00736-1,False Positive
s_008um_00364_00737-1,False Positive
s_008um_00364_00738-1,False Positive
s_008um_00364_00804-1,False Positive
s_008um_00365_00245-1,False Positive
s_008um_00365_00246-1,False Positive
s_008um_00365_00255-1,False Positive
s_008um_00365_00284-1,False Positive
s_008um_00365_00285-1,False Positive
s_008um_00365_00286-1,False Positive
s_008um_00365_00451-1,False Positive
s_008um_00365_00480-1,False Positive
s_008um_00365_00485-1,False Positive
s_008um_00365_00629-1,False Positive
s_008um_00365_00630-1,False Positive
s_008um_00366_00246-1,False Positive
s_008um_00366_00247-1,False Positive
s_008um_00366_00248-1,False Positive
s_008um_00366_00249-1,False Positive
s_008um_00366_00285-1,False Positive
s_008um_00366_00286-1,False Positive
s_008um_00366_00287-1,False Positive
s_008um_00366_00288-1,False Positive
s_008um_00366_00289-1,False Positive
s_008um_00366_00329-1,False Positive
s_008um_00366_00332-1,False Positive
s_008um_00366_00333-1,False Positive
s_008um_00366_00451-1,False Positive
s_008um_00366_00480-1,False Positive
s_008um_00366_00481-1,False Positive
s_008um_00366_00482-1,False Positive
s_008um_00366_00483-1,False Positive
s_008um_00366_00484-1,False Positive
s_008um_00366_00630-1,False Positive
s_008um_00367_00296-1,False Positive
s_008um_00367_00329-1,False Positive
s_008um_00367_00330-1,False Positive
s_008um_00367_00331-1,False Positive
s_008um_00367_00332-1,False Positive
s_008um_00367_00333-1,False Positive
s_008um_00367_00451-1,False Positive
s_008um_00367_00482-1,False Positive
s_008um_00367_00483-1,False Positive
s_008um_00367_00626-1,False Positive
s_008um_00367_00630-1,False Positive
s_008um_00368_00295-1,False Positive
s_008um_00368_00329-1,False Positive
s_008um_00368_00330-1,False Positive
s_008um_00368_00331-1,False Positive
s_008um_00368_00332-1,False Positive
s_008um_00368_00333-1,False Positive
s_008um_00368_00334-1,False Positive
s_008um_00368_00584-1,False Positive
s_008um_00368_00610-1,False Positive
s_008um_00368_00626-1,False Positive
s_008um_00368_00627-1,False Positive
s_008um_00368_00629-1,False Positive
s_008um_00368_00630-1,False Positive
s_008um_00369_00295-1,False Positive
s_008um_00369_00302-1,False Positive
s_008um_00369_00329-1,False Positive
s_008um_00369_00330-1,False Positive
s_008um_00369_00333-1,False Positive
s_008um_00369_00334-1,False Positive
s_008um_00369_00454-1,False Positive
s_008um_00369_00609-1,False Positive
s_008um_00369_00628-1,False Positive
s_008um_00369_00719-1,False Positive
s_008um_00369_00720-1,False Positive
s_008um_00369_00721-1,False Positive
s_008um_00369_00722-1,False Positive
s_008um_00369_00723-1,False Positive
s_008um_00369_00730-1,False Positive
s_008um_00370_00302-1,False Positive
s_008um_00370_00330-1,False Positive
s_008um_00370_00334-1,False Positive
s_008um_00370_00609-1,False Positive
s_008um_00370_00610-1,False Positive
s_008um_00370_00718-1,False Positive
s_008um_00370_00781-1,False Positive
s_008um_00370_00782-1,False Positive
s_008um_00371_00330-1,False Positive
s_008um_00371_00588-1,False Positive
s_008um_00371_00604-1,False Positive
s_008um_00371_00608-1,False Positive
s_008um_00371_00609-1,False Positive
s_008um_00371_00610-1,False Positive
s_008um_00371_00724-1,False Positive
s_008um_00371_00781-1,False Positive
s_008um_00371_00782-1,False Positive
s_008um_00371_00801-1,False Positive
s_008um_00372_00201-1,False Positive
s_008um_00372_00202-1,False Positive
s_008um_00372_00203-1,False Positive
s_008um_00372_00204-1,False Positive
s_008um_00372_00302-1,False Positive
s_008um_00372_00603-1,False Positive
s_008um_00372_00609-1,False Positive
s_008um_00372_00781-1,False Positive
s_008um_00372_00782-1,False Positive
s_008um_00373_00200-1,False Positive
s_008um_00373_00201-1,False Positive
s_008um_00373_00202-1,False Positive
s_008um_00373_00203-1,False Positive
s_008um_00373_00204-1,False Positive
s_008um_00373_00205-1,False Positive
s_008um_00373_00295-1,False Positive
s_008um_00373_00301-1,False Positive
s_008um_00373_00603-1,False Positive
s_008um_00373_00780-1,False Positive
s_008um_00373_00781-1,False Positive
s_008um_00373_00782-1,False Positive
s_008um_00374_00200-1,False Positive
s_008um_00374_00201-1,False Positive
s_008um_00374_00202-1,False Positive
s_008um_00374_00203-1,False Positive
s_008um_00374_00204-1,False Positive
s_008um_00374_00205-1,False Positive
s_008um_00374_00206-1,False Positive
s_008um_00374_00300-1,False Positive
s_008um_00374_00603-1,False Positive
s_008um_00374_00610-1,False Positive
s_008um_00374_00718-1,False Positive
s_008um_00374_00778-1,False Positive
s_008um_00374_00779-1,False Positive
s_008um_00374_00780-1,False Positive
s_008um_00374_00781-1,False Positive
s_008um_00374_00782-1,False Positive
s_008um_00375_00200-1,False Positive
s_008um_00375_00201-1,False Positive
s_008um_00375_00202-1,False Positive
s_008um_00375_00203-1,False Positive
s_008um_00375_00204-1,False Positive
s_008um_00375_00205-1,False Positive
s_008um_00375_00206-1,False Positive
s_008um_00375_00391-1,False Positive
s_008um_00375_00392-1,False Positive
s_008um_00375_00603-1,False Positive
s_008um_00375_00610-1,False Positive
s_008um_00376_00200-1,False Positive
s_008um_00376_00201-1,False Positive
s_008um_00376_00202-1,False Positive
s_008um_00376_00203-1,False Positive
s_008um_00376_00204-1,False Positive
s_008um_00376_00205-1,False Positive
s_008um_00376_00390-1,False Positive
s_008um_00376_00391-1,False Positive
s_008um_00376_00603-1,False Positive
s_008um_00376_00609-1,False Positive
s_008um_00377_00201-1,False Positive
s_008um_00377_00202-1,False Positive
s_008um_00377_00203-1,False Positive
s_008um_00377_00204-1,False Positive
s_008um_00377_00205-1,False Positive
s_008um_00377_00389-1,False Positive
s_008um_00377_00390-1,False Positive
s_008um_00377_00481-1,False Positive
s_008um_00377_00604-1,False Positive
s_008um_00377_00609-1,False Positive
s_008um_00378_00178-1,False Positive
s_008um_00378_00389-1,False Positive
s_008um_00378_00390-1,False Positive
s_008um_00378_00481-1,False Positive
s_008um_00378_00482-1,False Positive
s_008um_00378_00608-1,False Positive
s_008um_00379_00178-1,False Positive
s_008um_00379_00389-1,False Positive
s_008um_00379_00390-1,False Positive
s_008um_00379_00395-1,False Positive
s_008um_00379_00482-1,False Positive
s_008um_00379_00483-1,False Positive
s_008um_00379_00788-1,False Positive
s_008um_00380_00178-1,False Positive
s_008um_00380_00390-1,False Positive
s_008um_00380_00610-1,False Positive
s_008um_00381_00178-1,False Positive
s_008um_00381_00610-1,False Positive
s_008um_00382_00178-1,False Positive
s_008um_00382_00404-1,False Positive
s_008um_00382_00610-1,False Positive
s_008um_00383_00177-1,False Positive
s_008um_00383_00404-1,False Positive
s_008um_00383_00618-1,False Positive
s_008um_00384_00372-1,False Positive
s_008um_00384_00373-1,False Positive
s_008um_00384_00403-1,False Positive
s_008um_00384_00478-1,False Positive
s_008um_00384_00618-1,False Positive
s_008um_00384_00795-1,False Positive
s_008um_00384_00796-1,False Positive
s_008um_00384_00797-1,False Positive
s_008um_00384_00798-1,False Positive
s_008um_00384_00799-1,False Positive
s_008um_00384_00800-1,False Positive
s_008um_00385_00371-1,False Positive
s_008um_00385_00479-1,False Positive
s_008um_00385_00618-1,False Positive
s_008um_00385_00794-1,False Positive
s_008um_00386_00371-1,False Positive
s_008um_00386_00618-1,False Positive
s_008um_00386_00619-1,False Positive
s_008um_00386_00793-1,False Positive
s_008um_00387_00371-1,False Positive
s_008um_00387_00630-1,False Positive
s_008um_00387_00793-1,False Positive
s_008um_00388_00371-1,False Positive
s_008um_00388_00793-1,False Positive
s_008um_00389_00372-1,False Positive
s_008um_00389_00793-1,False Positive
s_008um_00390_00759-1,False Positive
s_008um_00390_00760-1,False Positive
s_008um_00390_00793-1,False Positive
s_008um_00390_00794-1,False Positive
s_008um_00391_00311-1,False Positive
s_008um_00391_00312-1,False Positive
s_008um_00391_00651-1,False Positive
s_008um_00391_00758-1,False Positive
s_008um_00391_00759-1,False Positive
s_008um_00391_00762-1,False Positive
s_008um_00391_00794-1,False Positive
s_008um_00392_00312-1,False Positive
s_008um_00392_00763-1,False Positive
s_008um_00393_00313-1,False Positive
s_008um_00393_00314-1,False Positive
s_008um_00393_00315-1,False Positive
s_008um_00393_00316-1,False Positive
s_008um_00393_00318-1,False Positive
s_008um_00393_00631-1,False Positive
s_008um_00393_00763-1,False Positive
s_008um_00394_00591-1,False Positive
s_008um_00394_00592-1,False Positive
s_008um_00394_00631-1,False Positive
s_008um_00395_00458-1,False Positive
s_008um_00395_00592-1,False Positive
s_008um_00395_00593-1,False Positive
s_008um_00395_00631-1,False Positive
s_008um_00396_00459-1,False Positive
s_008um_00396_00594-1,False Positive
s_008um_00396_00631-1,False Positive
s_008um_00396_00658-1,False Positive
s_008um_00397_00460-1,False Positive
s_008um_00397_00594-1,False Positive
s_008um_00397_00632-1,False Positive
s_008um_00397_00680-1,False Positive
s_008um_00397_00721-1,False Positive
s_008um_00397_00798-1,False Positive
s_008um_00398_00460-1,False Positive
s_008um_00398_00594-1,False Positive
s_008um_00398_00680-1,False Positive
s_008um_00398_00681-1,False Positive
s_008um_00398_00682-1,False Positive
s_008um_00398_00721-1,False Positive
s_008um_00399_00190-1,False Positive
s_008um_00399_00191-1,False Positive
s_008um_00399_00397-1,False Positive
s_008um_00399_00460-1,False Positive
s_008um_00399_00472-1,False Positive
s_008um_00399_00594-1,False Positive
s_008um_00399_00688-1,False Positive
s_008um_00399_00690-1,False Positive
s_008um_00399_00691-1,False Positive
s_008um_00399_00722-1,False Positive
s_008um_00399_00723-1,False Positive
s_008um_00399_00791-1,False Positive
s_008um_00400_00188-1,False Positive
s_008um_00400_00189-1,False Positive
s_008um_00400_00225-1,False Positive
s_008um_00400_00397-1,False Positive
s_008um_00400_00454-1,False Positive
s_008um_00400_00472-1,False Positive
s_008um_00400_00593-1,False Positive
s_008um_00400_00688-1,False Positive
s_008um_00400_00709-1,False Positive
s_008um_00400_00791-1,False Positive
s_008um_00400_00792-1,False Positive
s_008um_00401_00188-1,False Positive
s_008um_00401_00225-1,False Positive
s_008um_00401_00397-1,False Positive
s_008um_00401_00472-1,False Positive
s_008um_00401_00688-1,False Positive
s_008um_00401_00709-1,False Positive
s_008um_00401_00792-1,False Positive
s_008um_00401_00793-1,False Positive
s_008um_00402_00187-1,False Positive
s_008um_00402_00226-1,False Positive
s_008um_00402_00397-1,False Positive
s_008um_00402_00471-1,False Positive
s_008um_00402_00688-1,False Positive
s_008um_00402_00710-1,False Positive
s_008um_00402_00792-1,False Positive
s_008um_00402_00793-1,False Positive
s_008um_00402_00794-1,False Positive
s_008um_00403_00187-1,False Positive
s_008um_00403_00397-1,False Positive
s_008um_00403_00469-1,False Positive
s_008um_00403_00470-1,False Positive
s_008um_00403_00688-1,False Positive
s_008um_00403_00705-1,False Positive
s_008um_00403_00710-1,False Positive
s_008um_00403_00792-1,False Positive
s_008um_00403_00793-1,False Positive
s_008um_00403_00794-1,False Positive
s_008um_00404_00187-1,False Positive
s_008um_00404_00396-1,False Positive
s_008um_00404_00397-1,False Positive
s_008um_00404_00706-1,False Positive
s_008um_00404_00710-1,False Positive
s_008um_00404_00794-1,False Positive
s_008um_00404_00795-1,False Positive
s_008um_00405_00187-1,False Positive
s_008um_00405_00673-1,False Positive
s_008um_00405_00706-1,False Positive
s_008um_00405_00778-1,False Positive
s_008um_00405_00779-1,False Positive
s_008um_00406_00187-1,False Positive
s_008um_00406_00609-1,False Positive
s_008um_00406_00779-1,False Positive
s_008um_00407_00188-1,False Positive
s_008um_00408_00595-1,False Positive
s_008um_00408_00596-1,False Positive
s_008um_00408_00597-1,False Positive
s_008um_00408_00598-1,False Positive
s_008um_00408_00599-1,False Positive
s_008um_00408_00696-1,False Positive
s_008um_00408_00770-1,False Positive
s_008um_00408_00771-1,False Positive
s_008um_00409_00595-1,False Positive
s_008um_00409_00596-1,False Positive
s_008um_00409_00597-1,False Positive
s_008um_00409_00598-1,False Positive
s_008um_00409_00599-1,False Positive
s_008um_00409_00600-1,False Positive
s_008um_00409_00697-1,False Positive
s_008um_00409_00770-1,False Positive
s_008um_00409_00771-1,False Positive
s_008um_00410_00595-1,False Positive
s_008um_00410_00596-1,False Positive
s_008um_00410_00597-1,False Positive
s_008um_00410_00598-1,False Positive
s_008um_00410_00599-1,False Positive
s_008um_00410_00600-1,False Positive
s_008um_00410_00601-1,False Positive
s_008um_00410_00770-1,False Positive
s_008um_00410_00771-1,False Positive
s_008um_00411_00190-1,False Positive
s_008um_00411_00191-1,False Positive
s_008um_00411_00192-1,False Positive
s_008um_00411_00193-1,False Positive
s_008um_00411_00595-1,False Positive
s_008um_00411_00596-1,False Positive
s_008um_00411_00597-1,False Positive
s_008um_00411_00598-1,False Positive
s_008um_00411_00599-1,False Positive
s_008um_00411_00600-1,False Positive
s_008um_00411_00601-1,False Positive
s_008um_00411_00692-1,False Positive
s_008um_00411_00770-1,False Positive
s_008um_00412_00595-1,False Positive
s_008um_00412_00596-1,False Positive
s_008um_00412_00597-1,False Positive
s_008um_00412_00598-1,False Positive
s_008um_00412_00599-1,False Positive
s_008um_00412_00600-1,False Positive
s_008um_00412_00601-1,False Positive
s_008um_00412_00606-1,False Positive
s_008um_00412_00624-1,False Positive
s_008um_00412_00625-1,False Positive
s_008um_00412_00626-1,False Positive
s_008um_00412_00692-1,False Positive
s_008um_00412_00693-1,False Positive
s_008um_00413_00596-1,False Positive
s_008um_00413_00597-1,False Positive
s_008um_00413_00598-1,False Positive
s_008um_00413_00599-1,False Positive
s_008um_00413_00600-1,False Positive
s_008um_00413_00601-1,False Positive
s_008um_00413_00623-1,False Positive
s_008um_00413_00627-1,False Positive
s_008um_00414_00597-1,False Positive
s_008um_00414_00598-1,False Positive
s_008um_00414_00599-1,False Positive
s_008um_00414_00600-1,False Positive
s_008um_00414_00627-1,False Positive
s_008um_00415_00623-1,False Positive
s_008um_00416_00623-1,False Positive
s_008um_00423_00262-1,False Positive
s_008um_00424_00198-1,False Positive
s_008um_00424_00261-1,False Positive
s_008um_00424_00635-1,False Positive
s_008um_00425_00198-1,False Positive
s_008um_00425_00636-1,False Positive
s_008um_00425_00637-1,False Positive
s_008um_00425_00638-1,False Positive
s_008um_00426_00198-1,False Positive
s_008um_00427_00198-1,False Positive
s_008um_00427_00690-1,False Positive
s_008um_00427_00691-1,False Positive
s_008um_00428_00691-1,False Positive
s_008um_00428_00699-1,False Positive
s_008um_00428_00700-1,False Positive
s_008um_00428_00772-1,False Positive
s_008um_00429_00468-1,False Positive
s_008um_00429_00697-1,False Positive
s_008um_00429_00771-1,False Positive
s_008um_00429_00772-1,False Positive
s_008um_00429_00780-1,False Positive
s_008um_00429_00781-1,False Positive
s_008um_00429_00782-1,False Positive
s_008um_00429_00783-1,False Positive
s_008um_00429_00784-1,False Positive
s_008um_00430_00461-1,False Positive
s_008um_00430_00468-1,False Positive
s_008um_00430_00771-1,False Positive
s_008um_00430_00772-1,False Positive
s_008um_00431_00460-1,False Positive
s_008um_00431_00468-1,False Positive
s_008um_00431_00469-1,False Positive
s_008um_00431_00470-1,False Positive
s_008um_00431_00471-1,False Positive
s_008um_00431_00687-1,False Positive
s_008um_00431_00770-1,False Positive
s_008um_00431_00771-1,False Positive
s_008um_00431_00772-1,False Positive
s_008um_00432_00460-1,False Positive
s_008um_00432_00465-1,False Positive
s_008um_00432_00469-1,False Positive
s_008um_00432_00470-1,False Positive
s_008um_00432_00471-1,False Positive
s_008um_00432_00472-1,False Positive
s_008um_00432_00473-1,False Positive
s_008um_00432_00557-1,False Positive
s_008um_00432_00705-1,False Positive
s_008um_00433_00465-1,False Positive
s_008um_00433_00470-1,False Positive
s_008um_00433_00471-1,False Positive
s_008um_00433_00472-1,False Positive
s_008um_00433_00631-1,False Positive
s_008um_00433_00632-1,False Positive
s_008um_00433_00633-1,False Positive
s_008um_00433_00747-1,False Positive
s_008um_00433_00748-1,False Positive
s_008um_00434_00629-1,False Positive
s_008um_00434_00630-1,False Positive
s_008um_00434_00631-1,False Positive
s_008um_00434_00632-1,False Positive
s_008um_00434_00633-1,False Positive
s_008um_00434_00634-1,False Positive
s_008um_00434_00748-1,False Positive
s_008um_00435_00464-1,False Positive
s_008um_00435_00628-1,False Positive
s_008um_00435_00635-1,False Positive
s_008um_00435_00744-1,False Positive
s_008um_00436_00636-1,False Positive
s_008um_00436_00686-1,False Positive
s_008um_00437_00214-1,False Positive
s_008um_00437_00297-1,False Positive
s_008um_00437_00308-1,False Positive
s_008um_00437_00309-1,False Positive
s_008um_00437_00686-1,False Positive
s_008um_00438_00214-1,False Positive
s_008um_00438_00297-1,False Positive
s_008um_00438_00302-1,False Positive
s_008um_00438_00687-1,False Positive
s_008um_00439_00214-1,False Positive
s_008um_00439_00298-1,False Positive
s_008um_00439_00299-1,False Positive
s_008um_00439_00300-1,False Positive
s_008um_00439_00749-1,False Positive
s_008um_00440_00214-1,False Positive
s_008um_00440_00289-1,False Positive
s_008um_00440_00753-1,False Positive
s_008um_00441_00215-1,False Positive
s_008um_00441_00221-1,False Positive
s_008um_00441_00289-1,False Positive
s_008um_00441_00290-1,False Positive
s_008um_00441_00783-1,False Positive
s_008um_00442_00216-1,False Positive
s_008um_00442_00217-1,False Positive
s_008um_00442_00218-1,False Positive
s_008um_00442_00219-1,False Positive
s_008um_00442_00220-1,False Positive
s_008um_00442_00290-1,False Positive
s_008um_00442_00291-1,False Positive
s_008um_00442_00292-1,False Positive
s_008um_00442_00783-1,False Positive
s_008um_00443_00708-1,False Positive
s_008um_00443_00709-1,False Positive
s_008um_00443_00750-1,False Positive
s_008um_00443_00783-1,False Positive
s_008um_00443_00784-1,False Positive
s_008um_00444_00708-1,False Positive
s_008um_00444_00709-1,False Positive
s_008um_00444_00710-1,False Positive
s_008um_00444_00784-1,False Positive
s_008um_00444_00785-1,False Positive
s_008um_00445_00386-1,False Positive
s_008um_00445_00387-1,False Positive
s_008um_00445_00708-1,False Positive
s_008um_00445_00709-1,False Positive
s_008um_00445_00710-1,False Positive
s_008um_00445_00711-1,False Positive
s_008um_00445_00713-1,False Positive
s_008um_00446_00385-1,False Positive
s_008um_00446_00386-1,False Positive
s_008um_00446_00387-1,False Positive
s_008um_00446_00639-1,False Positive
s_008um_00446_00709-1,False Positive
s_008um_00446_00710-1,False Positive
s_008um_00446_00711-1,False Positive
s_008um_00446_00712-1,False Positive
s_008um_00446_00713-1,False Positive
s_008um_00446_00793-1,False Positive
s_008um_00446_00794-1,False Positive
s_008um_00447_00261-1,False Positive
s_008um_00447_00385-1,False Positive
s_008um_00447_00386-1,False Positive
s_008um_00447_00387-1,False Positive
s_008um_00447_00639-1,False Positive
s_008um_00447_00710-1,False Positive
s_008um_00447_00711-1,False Positive
s_008um_00447_00712-1,False Positive
s_008um_00447_00713-1,False Positive
s_008um_00447_00795-1,False Positive
s_008um_00448_00302-1,False Positive
s_008um_00448_00303-1,False Positive
s_008um_00448_00304-1,False Positive
s_008um_00448_00305-1,False Positive
s_008um_00448_00385-1,False Positive
s_008um_00448_00386-1,False Positive
s_008um_00448_00387-1,False Positive
s_008um_00448_00639-1,False Positive
s_008um_00448_00795-1,False Positive
s_008um_00449_00385-1,False Positive
s_008um_00449_00386-1,False Positive
s_008um_00449_00387-1,False Positive
s_008um_00449_00538-1,False Positive
s_008um_00449_00639-1,False Positive
s_008um_00449_00795-1,False Positive
s_008um_00450_00386-1,False Positive
s_008um_00450_00387-1,False Positive
s_008um_00450_00536-1,False Positive
s_008um_00450_00539-1,False Positive
s_008um_00450_00540-1,False Positive
s_008um_00450_00541-1,False Positive
s_008um_00450_00542-1,False Positive
s_008um_00451_00256-1,False Positive
s_008um_00451_00257-1,False Positive
s_008um_00451_00386-1,False Positive
s_008um_00451_00387-1,False Positive
s_008um_00451_00535-1,False Positive
s_008um_00451_00659-1,False Positive
s_008um_00452_00257-1,False Positive
s_008um_00452_00258-1,False Positive
s_008um_00452_00259-1,False Positive
s_008um_00452_00260-1,False Positive
s_008um_00452_00261-1,False Positive
s_008um_00452_00387-1,False Positive
s_008um_00452_00388-1,False Positive
s_008um_00452_00389-1,False Positive
s_008um_00452_00535-1,False Positive
s_008um_00452_00660-1,False Positive
s_008um_00453_00191-1,False Positive
s_008um_00453_00230-1,False Positive
s_008um_00453_00259-1,False Positive
s_008um_00453_00287-1,False Positive
s_008um_00453_00535-1,False Positive
s_008um_00453_00667-1,False Positive
s_008um_00453_00780-1,False Positive
s_008um_00454_00225-1,False Positive
s_008um_00454_00287-1,False Positive
s_008um_00454_00535-1,False Positive
s_008um_00454_00536-1,False Positive
s_008um_00454_00667-1,False Positive
s_008um_00454_00781-1,False Positive
s_008um_00455_00231-1,False Positive
s_008um_00455_00287-1,False Positive
s_008um_00455_00536-1,False Positive
s_008um_00455_00537-1,False Positive
s_008um_00455_00538-1,False Positive
s_008um_00455_00539-1,False Positive
s_008um_00455_00540-1,False Positive
s_008um_00455_00541-1,False Positive
s_008um_00455_00668-1,False Positive
s_008um_00455_00669-1,False Positive
s_008um_00455_00781-1,False Positive
s_008um_00455_00782-1,False Positive
s_008um_00455_00783-1,False Positive
s_008um_00456_00225-1,False Positive
s_008um_00456_00231-1,False Positive
s_008um_00456_00287-1,False Positive
s_008um_00456_00430-1,False Positive
s_008um_00456_00727-1,False Positive
s_008um_00456_00783-1,False Positive
s_008um_00456_00784-1,False Positive
s_008um_00456_00785-1,False Positive
s_008um_00457_00225-1,False Positive
s_008um_00457_00231-1,False Positive
s_008um_00457_00287-1,False Positive
s_008um_00457_00429-1,False Positive
s_008um_00457_00727-1,False Positive
s_008um_00457_00728-1,False Positive
s_008um_00458_00226-1,False Positive
s_008um_00458_00429-1,False Positive
s_008um_00458_00678-1,False Positive
s_008um_00458_00698-1,False Positive
s_008um_00458_00699-1,False Positive
s_008um_00458_00728-1,False Positive
s_008um_00458_00772-1,False Positive
s_008um_00459_00429-1,False Positive
s_008um_00459_00641-1,False Positive
s_008um_00459_00642-1,False Positive
s_008um_00459_00643-1,False Positive
s_008um_00459_00672-1,False Positive
s_008um_00459_00678-1,False Positive
s_008um_00459_00697-1,False Positive
s_008um_00459_00771-1,False Positive
s_008um_00459_00772-1,False Positive
s_008um_00460_00301-1,False Positive
s_008um_00460_00302-1,False Positive
s_008um_00460_00429-1,False Positive
s_008um_00460_00643-1,False Positive
s_008um_00460_00672-1,False Positive
s_008um_00460_00678-1,False Positive
s_008um_00460_00697-1,False Positive
s_008um_00460_00768-1,False Positive
s_008um_00460_00769-1,False Positive
s_008um_00460_00770-1,False Positive
s_008um_00461_00300-1,False Positive
s_008um_00461_00429-1,False Positive
s_008um_00461_00644-1,False Positive
s_008um_00461_00672-1,False Positive
s_008um_00461_00673-1,False Positive
s_008um_00461_00687-1,False Positive
s_008um_00461_00688-1,False Positive
s_008um_00461_00689-1,False Positive
s_008um_00461_00697-1,False Positive
s_008um_00462_00299-1,False Positive
s_008um_00462_00430-1,False Positive
s_008um_00462_00431-1,False Positive
s_008um_00462_00432-1,False Positive
s_008um_00462_00433-1,False Positive
s_008um_00462_00434-1,False Positive
s_008um_00462_00673-1,False Positive
s_008um_00462_00674-1,False Positive
s_008um_00462_00675-1,False Positive
s_008um_00462_00676-1,False Positive
s_008um_00462_00689-1,False Positive
s_008um_00462_00697-1,False Positive
s_008um_00463_00636-1,False Positive
s_008um_00463_00697-1,False Positive
s_008um_00465_00692-1,False Positive
s_008um_00466_00170-1,False Positive
s_008um_00466_00298-1,False Positive
s_008um_00466_00299-1,False Positive
s_008um_00466_00469-1,False Positive
s_008um_00466_00640-1,False Positive
s_008um_00466_00641-1,False Positive
s_008um_00466_00687-1,False Positive
s_008um_00466_00692-1,False Positive
s_008um_00466_00725-1,False Positive
s_008um_00467_00170-1,False Positive
s_008um_00467_00176-1,False Positive
s_008um_00467_00298-1,False Positive
s_008um_00467_00299-1,False Positive
s_008um_00467_00300-1,False Positive
s_008um_00467_00301-1,False Positive
s_008um_00467_00465-1,False Positive
s_008um_00467_00469-1,False Positive
s_008um_00467_00470-1,False Positive
s_008um_00467_00641-1,False Positive
s_008um_00467_00642-1,False Positive
s_008um_00467_00643-1,False Positive
s_008um_00467_00671-1,False Positive
s_008um_00467_00687-1,False Positive
s_008um_00467_00688-1,False Positive
s_008um_00467_00691-1,False Positive
s_008um_00467_00725-1,False Positive
s_008um_00468_00171-1,False Positive
s_008um_00468_00172-1,False Positive
s_008um_00468_00173-1,False Positive
s_008um_00468_00174-1,False Positive
s_008um_00468_00175-1,False Positive
s_008um_00468_00299-1,False Positive
s_008um_00468_00300-1,False Positive
s_008um_00468_00301-1,False Positive
s_008um_00468_00302-1,False Positive
s_008um_00468_00303-1,False Positive
s_008um_00468_00470-1,False Positive
s_008um_00468_00471-1,False Positive
s_008um_00468_00688-1,False Positive
s_008um_00468_00689-1,False Positive
s_008um_00468_00690-1,False Positive
s_008um_00468_00726-1,False Positive
s_008um_00470_00667-1,False Positive
s_008um_00470_00671-1,False Positive
s_008um_00470_00686-1,False Positive
s_008um_00471_00466-1,False Positive
s_008um_00471_00668-1,False Positive
s_008um_00472_00465-1,False Positive
s_008um_00472_00631-1,False Positive
s_008um_00472_00635-1,False Positive
s_008um_00473_00684-1,False Positive
s_008um_00473_00685-1,False Positive
s_008um_00475_00449-1,False Positive
s_008um_00475_00658-1,False Positive
s_008um_00475_00659-1,False Positive
s_008um_00476_00292-1,False Positive
s_008um_00476_00448-1,False Positive
s_008um_00476_00449-1,False Positive
s_008um_00476_00657-1,False Positive
s_008um_00476_00660-1,False Positive
s_008um_00476_00661-1,False Positive
s_008um_00477_00448-1,False Positive
s_008um_00477_00656-1,False Positive
s_008um_00477_00657-1,False Positive
s_008um_00477_00660-1,False Positive
s_008um_00477_00661-1,False Positive
s_008um_00477_00761-1,False Positive
s_008um_00477_00764-1,False Positive
s_008um_00478_00288-1,False Positive
s_008um_00478_00448-1,False Positive
s_008um_00478_00454-1,False Positive
s_008um_00478_00656-1,False Positive
s_008um_00478_00657-1,False Positive
s_008um_00478_00660-1,False Positive
s_008um_00478_00661-1,False Positive
s_008um_00478_00762-1,False Positive
s_008um_00478_00764-1,False Positive
s_008um_00478_00765-1,False Positive
s_008um_00479_00288-1,False Positive
s_008um_00479_00289-1,False Positive
s_008um_00479_00449-1,False Positive
s_008um_00479_00450-1,False Positive
s_008um_00479_00451-1,False Positive
s_008um_00479_00452-1,False Positive
s_008um_00479_00656-1,False Positive
s_008um_00479_00657-1,False Positive
s_008um_00479_00658-1,False Positive
s_008um_00479_00659-1,False Positive
s_008um_00479_00660-1,False Positive
s_008um_00479_00763-1,False Positive
s_008um_00479_00765-1,False Positive
s_008um_00479_00766-1,False Positive
s_008um_00479_00767-1,False Positive
s_008um_00479_00769-1,False Positive
s_008um_00480_00289-1,False Positive
s_008um_00480_00290-1,False Positive
s_008um_00480_00291-1,False Positive
s_008um_00480_00657-1,False Positive
s_008um_00480_00658-1,False Positive
s_008um_00480_00659-1,False Positive
s_008um_00480_00728-1,False Positive
s_008um_00480_00762-1,False Positive
s_008um_00480_00763-1,False Positive
s_008um_00480_00766-1,False Positive
s_008um_00480_00767-1,False Positive
s_008um_00480_00768-1,False Positive
s_008um_00481_00759-1,False Positive
s_008um_00481_00760-1,False Positive
s_008um_00481_00761-1,False Positive
s_008um_00481_00762-1,False Positive
s_008um_00483_00751-1,False Positive
s_008um_00484_00751-1,False Positive
s_008um_00485_00351-1,False Positive
s_008um_00485_00352-1,False Positive
s_008um_00485_00353-1,False Positive
s_008um_00485_00750-1,False Positive
s_008um_00485_00751-1,False Positive
s_008um_00486_00350-1,False Positive
s_008um_00486_00351-1,False Positive
s_008um_00486_00352-1,False Positive
s_008um_00486_00353-1,False Positive
s_008um_00486_00354-1,False Positive
s_008um_00486_00355-1,False Positive
s_008um_00486_00566-1,False Positive
s_008um_00486_00746-1,False Positive
s_008um_00486_00747-1,False Positive
s_008um_00486_00748-1,False Positive
s_008um_00486_00749-1,False Positive
s_008um_00486_00750-1,False Positive
s_008um_00487_00349-1,False Positive
s_008um_00487_00350-1,False Positive
s_008um_00487_00351-1,False Positive
s_008um_00487_00352-1,False Positive
s_008um_00487_00353-1,False Positive
s_008um_00487_00354-1,False Positive
s_008um_00487_00355-1,False Positive
s_008um_00487_00566-1,False Positive
s_008um_00487_00674-1,False Positive
s_008um_00487_00747-1,False Positive
s_008um_00487_00748-1,False Positive
s_008um_00488_00349-1,False Positive
s_008um_00488_00350-1,False Positive
s_008um_00488_00351-1,False Positive
s_008um_00488_00352-1,False Positive
s_008um_00488_00353-1,False Positive
s_008um_00488_00354-1,False Positive
s_008um_00488_00355-1,False Positive
s_008um_00488_00566-1,False Positive
s_008um_00488_00674-1,False Positive
s_008um_00489_00349-1,False Positive
s_008um_00489_00350-1,False Positive
s_008um_00489_00351-1,False Positive
s_008um_00489_00352-1,False Positive
s_008um_00489_00353-1,False Positive
s_008um_00489_00354-1,False Positive
s_008um_00489_00355-1,False Positive
s_008um_00489_00566-1,False Positive
s_008um_00489_00675-1,False Positive
s_008um_00490_00176-1,False Positive
s_008um_00490_00223-1,False Positive
s_008um_00490_00350-1,False Positive
s_008um_00490_00351-1,False Positive
s_008um_00490_00352-1,False Positive
s_008um_00490_00353-1,False Positive
s_008um_00490_00354-1,False Positive
s_008um_00490_00355-1,False Positive
s_008um_00490_00566-1,False Positive
s_008um_00490_00670-1,False Positive
s_008um_00490_00675-1,False Positive
s_008um_00491_00176-1,False Positive
s_008um_00491_00177-1,False Positive
s_008um_00491_00222-1,False Positive
s_008um_00491_00351-1,False Positive
s_008um_00491_00352-1,False Positive
s_008um_00491_00353-1,False Positive
s_008um_00491_00354-1,False Positive
s_008um_00491_00670-1,False Positive
s_008um_00491_00671-1,False Positive
s_008um_00491_00707-1,False Positive
s_008um_00492_00177-1,False Positive
s_008um_00492_00222-1,False Positive
s_008um_00492_00230-1,False Positive
s_008um_00492_00282-1,False Positive
s_008um_00492_00672-1,False Positive
s_008um_00493_00177-1,False Positive
s_008um_00493_00222-1,False Positive
s_008um_00493_00282-1,False Positive
s_008um_00493_00479-1,False Positive
s_008um_00494_00171-1,False Positive
s_008um_00494_00177-1,False Positive
s_008um_00494_00223-1,False Positive
s_008um_00494_00282-1,False Positive
s_008um_00494_00479-1,False Positive
s_008um_00494_00480-1,False Positive
s_008um_00494_00481-1,False Positive
s_008um_00494_00482-1,False Positive
s_008um_00494_00483-1,False Positive
s_008um_00494_00484-1,False Positive
s_008um_00495_00172-1,False Positive
s_008um_00495_00176-1,False Positive
s_008um_00495_00223-1,False Positive
s_008um_00495_00282-1,False Positive
s_008um_00495_00283-1,False Positive
s_008um_00495_00480-1,False Positive
s_008um_00495_00481-1,False Positive
s_008um_00495_00482-1,False Positive
s_008um_00495_00483-1,False Positive
s_008um_00496_00224-1,False Positive
s_008um_00496_00225-1,False Positive
s_008um_00496_00282-1,False Positive
s_008um_00496_00283-1,False Positive
s_008um_00497_00225-1,False Positive
s_008um_00497_00284-1,False Positive
s_008um_00497_00285-1,False Positive
s_008um_00498_00725-1,False Positive
s_008um_00498_00742-1,False Positive
s_008um_00498_00743-1,False Positive
s_008um_00498_00745-1,False Positive
s_008um_00499_00258-1,False Positive
s_008um_00499_00259-1,False Positive
s_008um_00499_00260-1,False Positive
s_008um_00499_00261-1,False Positive
s_008um_00499_00262-1,False Positive
s_008um_00499_00746-1,False Positive
s_008um_00500_00258-1,False Positive
s_008um_00500_00259-1,False Positive
s_008um_00500_00260-1,False Positive
s_008um_00500_00261-1,False Positive
s_008um_00500_00262-1,False Positive
s_008um_00500_00263-1,False Positive
s_008um_00500_00668-1,False Positive
s_008um_00500_00669-1,False Positive
s_008um_00500_00728-1,False Positive
s_008um_00500_00741-1,False Positive
s_008um_00500_00746-1,False Positive
s_008um_00501_00257-1,False Positive
s_008um_00501_00258-1,False Positive
s_008um_00501_00259-1,False Positive
s_008um_00501_00260-1,False Positive
s_008um_00501_00261-1,False Positive
s_008um_00501_00262-1,False Positive
s_008um_00501_00263-1,False Positive
s_008um_00501_00668-1,False Positive
s_008um_00501_00741-1,False Positive
s_008um_00501_00746-1,False Positive
s_008um_00502_00257-1,False Positive
s_008um_00502_00258-1,False Positive
s_008um_00502_00259-1,False Positive
s_008um_00502_00260-1,False Positive
s_008um_00502_00261-1,False Positive
s_008um_00502_00262-1,False Positive
s_008um_00502_00263-1,False Positive
s_008um_00502_00741-1,False Positive
s_008um_00502_00746-1,False Positive
s_008um_00503_00257-1,False Positive
s_008um_00503_00258-1,False Positive
s_008um_00503_00259-1,False Positive
s_008um_00503_00260-1,False Positive
s_008um_00503_00261-1,False Positive
s_008um_00503_00262-1,False Positive
s_008um_00503_00263-1,False Positive
s_008um_00504_00258-1,False Positive
s_008um_00504_00259-1,False Positive
s_008um_00504_00260-1,False Positive
s_008um_00504_00261-1,False Positive
s_008um_00504_00262-1,False Positive
s_008um_00504_00263-1,False Positive
s_008um_00504_00675-1,False Positive
s_008um_00505_00260-1,False Positive
s_008um_00505_00668-1,False Positive
s_008um_00505_00673-1,False Positive
s_008um_00505_00674-1,False Positive
s_008um_00505_00675-1,False Positive
s_008um_00506_00331-1,False Positive
s_008um_00506_00378-1,False Positive
s_008um_00506_00669-1,False Positive
s_008um_00506_00670-1,False Positive
s_008um_00506_00671-1,False Positive
s_008um_00506_00672-1,False Positive
s_008um_00506_00673-1,False Positive
s_008um_00506_00674-1,False Positive
s_008um_00507_00331-1,False Positive
s_008um_00508_00331-1,False Positive
s_008um_00508_00332-1,False Positive
s_008um_00508_00333-1,False Positive
s_008um_00508_00336-1,False Positive
s_008um_00508_00413-1,False Positive
s_008um_00509_00293-1,False Positive
s_008um_00509_00332-1,False Positive
s_008um_00509_00333-1,False Positive
s_008um_00509_00334-1,False Positive
s_008um_00509_00335-1,False Positive
s_008um_00509_00336-1,False Positive
s_008um_00510_00293-1,False Positive
s_008um_00510_00670-1,False Positive
s_008um_00511_00293-1,False Positive
s_008um_00511_00666-1,False Positive
s_008um_00511_00671-1,False Positive
s_008um_00512_00293-1,False Positive
s_008um_00512_00298-1,False Positive
s_008um_00512_00666-1,False Positive
s_008um_00512_00671-1,False Positive
s_008um_00512_00733-1,False Positive
s_008um_00513_00293-1,False Positive
s_008um_00513_00294-1,False Positive
s_008um_00513_00297-1,False Positive
s_008um_00513_00298-1,False Positive
s_008um_00513_00666-1,False Positive
s_008um_00513_00734-1,False Positive
s_008um_00513_00735-1,False Positive
s_008um_00513_00736-1,False Positive
s_008um_00513_00737-1,False Positive
s_008um_00514_00296-1,False Positive
s_008um_00514_00297-1,False Positive
s_008um_00514_00666-1,False Positive
s_008um_00515_00377-1,False Positive
s_008um_00515_00666-1,False Positive
s_008um_00515_00719-1,False Positive
s_008um_00516_00371-1,False Positive
s_008um_00516_00667-1,False Positive
s_008um_00516_00668-1,False Positive
s_008um_00517_00371-1,False Positive
s_008um_00517_00378-1,False Positive
s_008um_00518_00371-1,False Positive
s_008um_00518_00378-1,False Positive
s_008um_00519_00371-1,False Positive
s_008um_00519_00372-1,False Positive
s_008um_00520_00247-1,False Positive
s_008um_00520_00248-1,False Positive
s_008um_00520_00249-1,False Positive
s_008um_00520_00641-1,False Positive
s_008um_00520_00642-1,False Positive
s_008um_00521_00246-1,False Positive
s_008um_00521_00247-1,False Positive
s_008um_00521_00248-1,False Positive
s_008um_00521_00249-1,False Positive
s_008um_00521_00250-1,False Positive
s_008um_00521_00640-1,False Positive
s_008um_00521_00641-1,False Positive
s_008um_00521_00676-1,False Positive
s_008um_00522_00246-1,False Positive
s_008um_00522_00247-1,False Positive
s_008um_00522_00248-1,False Positive
s_008um_00522_00249-1,False Positive
s_008um_00522_00250-1,False Positive
s_008um_00522_00640-1,False Positive
s_008um_00522_00670-1,False Positive
s_008um_00522_00676-1,False Positive
s_008um_00522_00724-1,False Positive
s_008um_00522_00745-1,False Positive
s_008um_00523_00247-1,False Positive
s_008um_00523_00248-1,False Positive
s_008um_00523_00249-1,False Positive
s_008um_00523_00250-1,False Positive
s_008um_00523_00676-1,False Positive
s_008um_00523_00677-1,False Positive
s_008um_00523_00745-1,False Positive
s_008um_00524_00248-1,False Positive
s_008um_00524_00249-1,False Positive
s_008um_00524_00250-1,False Positive
s_008um_00524_00296-1,False Positive
s_008um_00524_00649-1,False Positive
s_008um_00524_00650-1,False Positive
s_008um_00524_00651-1,False Positive
s_008um_00524_00652-1,False Positive
s_008um_00524_00676-1,False Positive
s_008um_00524_00677-1,False Positive
s_008um_00524_00741-1,False Positive
s_008um_00524_00742-1,False Positive
s_008um_00524_00743-1,False Positive
s_008um_00524_00744-1,False Positive
s_008um_00525_00296-1,False Positive
s_008um_00525_00648-1,False Positive
s_008um_00525_00653-1,False Positive
s_008um_00525_00654-1,False Positive
s_008um_00525_00676-1,False Positive
s_008um_00525_00723-1,False Positive
s_008um_00525_00724-1,False Positive
s_008um_00525_00725-1,False Positive
s_008um_00525_00726-1,False Positive
s_008um_00526_00296-1,False Positive
s_008um_00526_00647-1,False Positive
s_008um_00526_00676-1,False Positive
s_008um_00526_00724-1,False Positive
s_008um_00526_00725-1,False Positive
s_008um_00526_00726-1,False Positive
s_008um_00527_00296-1,False Positive
s_008um_00527_00301-1,False Positive
s_008um_00527_00646-1,False Positive
s_008um_00527_00670-1,False Positive
s_008um_00527_00676-1,False Positive
s_008um_00528_00297-1,False Positive
s_008um_00528_00301-1,False Positive
s_008um_00528_00671-1,False Positive
s_008um_00528_00675-1,False Positive
s_008um_00530_00257-1,False Positive
s_008um_00530_00258-1,False Positive
s_008um_00530_00663-1,False Positive
s_008um_00531_00257-1,False Positive
s_008um_00531_00565-1,False Positive
s_008um_00531_00663-1,False Positive
s_008um_00532_00256-1,False Positive
s_008um_00532_00257-1,False Positive
s_008um_00532_00564-1,False Positive
s_008um_00532_00663-1,False Positive
s_008um_00533_00256-1,False Positive
s_008um_00533_00257-1,False Positive
s_008um_00533_00663-1,False Positive
s_008um_00534_00256-1,False Positive
s_008um_00534_00257-1,False Positive
s_008um_00534_00563-1,False Positive
s_008um_00534_00569-1,False Positive
s_008um_00534_00650-1,False Positive
s_008um_00534_00660-1,False Positive
s_008um_00534_00661-1,False Positive
s_008um_00534_00662-1,False Positive
s_008um_00535_00256-1,False Positive
s_008um_00535_00257-1,False Positive
s_008um_00535_00258-1,False Positive
s_008um_00535_00300-1,False Positive
s_008um_00535_00563-1,False Positive
s_008um_00535_00568-1,False Positive
s_008um_00536_00257-1,False Positive
s_008um_00536_00258-1,False Positive
s_008um_00536_00259-1,False Positive
s_008um_00536_00260-1,False Positive
s_008um_00536_00567-1,False Positive
s_008um_00536_00568-1,False Positive
s_008um_00537_00565-1,False Positive
s_008um_00539_00665-1,False Positive
s_008um_00540_00255-1,False Positive
s_008um_00540_00480-1,False Positive
s_008um_00540_00666-1,False Positive
s_008um_00540_00667-1,False Positive
s_008um_00541_00667-1,False Positive
s_008um_00541_00668-1,False Positive
s_008um_00542_00668-1,False Positive
s_008um_00543_00668-1,False Positive
s_008um_00544_00251-1,False Positive
s_008um_00544_00668-1,False Positive
s_008um_00545_00252-1,False Positive
s_008um_00545_00269-1,False Positive
s_008um_00545_00274-1,False Positive
s_008um_00545_00515-1,False Positive
s_008um_00545_00516-1,False Positive
s_008um_00545_00517-1,False Positive
s_008um_00545_00518-1,False Positive
s_008um_00545_00519-1,False Positive
s_008um_00545_00560-1,False Positive
s_008um_00545_00668-1,False Positive
s_008um_00546_00269-1,False Positive
s_008um_00546_00515-1,False Positive
s_008um_00546_00516-1,False Positive
s_008um_00546_00517-1,False Positive
s_008um_00546_00518-1,False Positive
s_008um_00546_00519-1,False Positive
s_008um_00546_00520-1,False Positive
s_008um_00546_00560-1,False Positive
s_008um_00546_00660-1,False Positive
s_008um_00546_00667-1,False Positive
s_008um_00547_00268-1,False Positive
s_008um_00547_00269-1,False Positive
s_008um_00547_00514-1,False Positive
s_008um_00547_00515-1,False Positive
s_008um_00547_00516-1,False Positive
s_008um_00547_00517-1,False Positive
s_008um_00547_00518-1,False Positive
s_008um_00547_00519-1,False Positive
s_008um_00547_00520-1,False Positive
s_008um_00547_00527-1,False Positive
s_008um_00547_00528-1,False Positive
s_008um_00547_00529-1,False Positive
s_008um_00547_00530-1,False Positive
s_008um_00547_00560-1,False Positive
s_008um_00547_00661-1,False Positive
s_008um_00547_00666-1,False Positive
s_008um_00548_00269-1,False Positive
s_008um_00548_00514-1,False Positive
s_008um_00548_00515-1,False Positive
s_008um_00548_00516-1,False Positive
s_008um_00548_00517-1,False Positive
s_008um_00548_00518-1,False Positive
s_008um_00548_00519-1,False Positive
s_008um_00548_00520-1,False Positive
s_008um_00548_00526-1,False Positive
s_008um_00548_00527-1,False Positive
s_008um_00548_00528-1,False Positive
s_008um_00548_00529-1,False Positive
s_008um_00548_00530-1,False Positive
s_008um_00548_00531-1,False Positive
s_008um_00548_00560-1,False Positive
s_008um_00549_00269-1,False Positive
s_008um_00549_00270-1,False Positive
s_008um_00549_00514-1,False Positive
s_008um_00549_00515-1,False Positive
s_008um_00549_00516-1,False Positive
s_008um_00549_00517-1,False Positive
s_008um_00549_00518-1,False Positive
s_008um_00549_00519-1,False Positive
s_008um_00549_00520-1,False Positive
s_008um_00549_00526-1,False Positive
s_008um_00549_00527-1,False Positive
s_008um_00549_00528-1,False Positive
s_008um_00549_00529-1,False Positive
s_008um_00549_00530-1,False Positive
s_008um_00549_00531-1,False Positive
s_008um_00549_00532-1,False Positive
s_008um_00549_00560-1,False Positive
s_008um_00550_00270-1,False Positive
s_008um_00550_00271-1,False Positive
s_008um_00550_00515-1,False Positive
s_008um_00550_00516-1,False Positive
s_008um_00550_00517-1,False Positive
s_008um_00550_00518-1,False Positive
s_008um_00550_00519-1,False Positive
s_008um_00550_00526-1,False Positive
s_008um_00550_00527-1,False Positive
s_008um_00550_00528-1,False Positive
s_008um_00550_00529-1,False Positive
s_008um_00550_00530-1,False Positive
s_008um_00550_00531-1,False Positive
s_008um_00550_00532-1,False Positive
s_008um_00550_00555-1,False Positive
s_008um_00550_00560-1,False Positive
s_008um_00551_00271-1,False Positive
s_008um_00551_00272-1,False Positive
s_008um_00551_00516-1,False Positive
s_008um_00551_00517-1,False Positive
s_008um_00551_00518-1,False Positive
s_008um_00551_00526-1,False Positive
s_008um_00551_00527-1,False Positive
s_008um_00551_00528-1,False Positive
s_008um_00551_00529-1,False Positive
s_008um_00551_00530-1,False Positive
s_008um_00551_00531-1,False Positive
s_008um_00551_00532-1,False Positive
s_008um_00552_00526-1,False Positive
s_008um_00552_00527-1,False Positive
s_008um_00552_00528-1,False Positive
s_008um_00552_00529-1,False Positive
s_008um_00552_00530-1,False Positive
s_008um_00552_00531-1,False Positive
s_008um_00552_00532-1,False Positive
s_008um_00552_00657-1,False Positive
s_008um_00553_00527-1,False Positive
s_008um_00553_00528-1,False Positive
s_008um_00553_00529-1,False Positive
s_008um_00553_00530-1,False Positive
s_008um_00553_00531-1,False Positive
s_008um_00553_00659-1,False Positive
s_008um_00553_00660-1,False Positive
s_008um_00584_00459-1,False Positive
s_008um_00584_00460-1,False Positive
s_008um_00584_00461-1,False Positive
s_008um_00584_00462-1,False Positive
s_008um_00585_00426-1,False Positive
s_008um_00585_00427-1,False Positive
s_008um_00585_00428-1,False Positive
s_008um_00585_00429-1,False Positive
s_008um_00585_00430-1,False Positive
s_008um_00585_00431-1,False Positive
s_008um_00585_00432-1,False Positive
s_008um_00585_00433-1,False Positive
s_008um_00585_00458-1,False Positive
s_008um_00585_00459-1,False Positive
s_008um_00585_00460-1,False Positive
s_008um_00585_00461-1,False Positive
s_008um_00585_00462-1,False Positive
s_008um_00585_00463-1,False Positive
s_008um_00586_00425-1,False Positive
s_008um_00586_00426-1,False Positive
s_008um_00586_00427-1,False Positive
s_008um_00586_00428-1,False Positive
s_008um_00586_00429-1,False Positive
s_008um_00586_00430-1,False Positive
s_008um_00586_00431-1,False Positive
s_008um_00586_00432-1,False Positive
s_008um_00586_00433-1,False Positive
s_008um_00586_00434-1,False Positive
s_008um_00586_00457-1,False Positive
s_008um_00586_00458-1,False Positive
s_008um_00586_00459-1,False Positive
s_008um_00586_00460-1,False Positive
s_008um_00586_00461-1,False Positive
s_008um_00586_00462-1,False Positive
s_008um_00586_00463-1,False Positive
s_008um_00587_00425-1,False Positive
s_008um_00587_00426-1,False Positive
s_008um_00587_00427-1,False Positive
s_008um_00587_00428-1,False Positive
s_008um_00587_00429-1,False Positive
s_008um_00587_00430-1,False Positive
s_008um_00587_00431-1,False Positive
s_008um_00587_00432-1,False Positive
s_008um_00587_00433-1,False Positive
s_008um_00587_00434-1,False Positive
s_008um_00587_00457-1,False Positive
s_008um_00587_00458-1,False Positive
s_008um_00587_00459-1,False Positive
s_008um_00587_00460-1,False Positive
s_008um_00587_00461-1,False Positive
s_008um_00587_00462-1,False Positive
s_008um_00587_00463-1,False Positive
s_008um_00588_00425-1,False Positive
s_008um_00588_00426-1,False Positive
s_008um_00588_00427-1,False Positive
s_008um_00588_00428-1,False Positive
s_008um_00588_00429-1,False Positive
s_008um_00588_00430-1,False Positive
s_008um_00588_00431-1,False Positive
s_008um_00588_00432-1,False Positive
s_008um_00588_00433-1,False Positive
s_008um_00588_00434-1,False Positive
s_008um_00588_00457-1,False Positive
s_008um_00588_00458-1,False Positive
s_008um_00588_00459-1,False Positive
s_008um_00588_00460-1,False Positive
s_008um_00588_00461-1,False Positive
s_008um_00588_00462-1,False Positive
s_008um_00589_00425-1,False Positive
s_008um_00589_00426-1,False Positive
s_008um_00589_00427-1,False Positive
s_008um_00589_00428-1,False Positive
s_008um_00589_00429-1,False Positive
s_008um_00589_00430-1,False Positive
s_008um_00589_00431-1,False Positive
s_008um_00589_00432-1,False Positive
s_008um_00589_00433-1,False Positive
s_008um_00589_00434-1,False Positive
s_008um_00589_00457-1,False Positive
s_008um_00589_00458-1,False Positive
s_008um_00589_00459-1,False Positive
s_008um_00589_00460-1,False Positive
s_008um_00589_00461-1,False Positive
s_008um_00590_00425-1,False Positive
s_008um_00590_00426-1,False Positive
s_008um_00590_00427-1,False Positive
s_008um_00590_00428-1,False Positive
s_008um_00590_00429-1,False Positive
s_008um_00590_00430-1,False Positive
s_008um_00590_00431-1,False Positive
s_008um_00590_00432-1,False Positive
s_008um_00590_00433-1,False Positive
s_008um_00590_00434-1,False Positive
s_008um_00590_00458-1,False Positive
s_008um_00591_00426-1,False Positive
s_008um_00591_00427-1,False Positive
s_008um_00591_00428-1,False Positive
s_008um_00591_00429-1,False Positive
s_008um_00591_00430-1,False Positive
s_008um_00591_00431-1,False Positive
s_008um_00591_00432-1,False Positive
s_008um_00591_00433-1,False Positive
s_008um_00106_00486-1,False Negative
s_008um_00106_00487-1,False Negative
s_008um_00106_00488-1,False Negative
s_008um_00107_00486-1,False Negative
s_008um_00107_00487-1,False Negative
s_008um_00107_00488-1,False Negative
s_008um_00107_00489-1,False Negative
s_008um_00107_00596-1,False Negative
s_008um_00107_00597-1,False Negative
s_008um_00107_00598-1,False Negative
s_008um_00108_00486-1,False Negative
s_008um_00108_00487-1,False Negative
s_008um_00108_00488-1,False Negative
s_008um_00108_00594-1,False Negative
s_008um_00109_00487-1,False Negative
s_008um_00109_00488-1,False Negative
s_008um_00109_00594-1,False Negative
s_008um_00111_00443-1,False Negative
s_008um_00111_00490-1,False Negative
s_008um_00112_00444-1,False Negative
s_008um_00112_00491-1,False Negative
s_008um_00112_00492-1,False Negative
s_008um_00112_00493-1,False Negative
s_008um_00112_00494-1,False Negative
s_008um_00112_00495-1,False Negative
s_008um_00113_00444-1,False Negative
s_008um_00113_00492-1,False Negative
s_008um_00113_00493-1,False Negative
s_008um_00113_00494-1,False Negative
s_008um_00113_00603-1,False Negative
s_008um_00114_00444-1,False Negative
s_008um_00115_00444-1,False Negative
s_008um_00115_00503-1,False Negative
s_008um_00115_00504-1,False Negative
s_008um_00115_00505-1,False Negative
s_008um_00115_00506-1,False Negative
s_008um_00115_00507-1,False Negative
s_008um_00115_00532-1,False Negative
s_008um_00116_00502-1,False Negative
s_008um_00116_00503-1,False Negative
s_008um_00116_00504-1,False Negative
s_008um_00116_00505-1,False Negative
s_008um_00116_00506-1,False Negative
s_008um_00116_00507-1,False Negative
s_008um_00116_00508-1,False Negative
s_008um_00116_00614-1,False Negative
s_008um_00116_00615-1,False Negative
s_008um_00116_00616-1,False Negative
s_008um_00116_00617-1,False Negative
s_008um_00117_00490-1,False Negative
s_008um_00117_00491-1,False Negative
s_008um_00117_00502-1,False Negative
s_008um_00117_00503-1,False Negative
s_008um_00117_00504-1,False Negative
s_008um_00117_00505-1,False Negative
s_008um_00117_00506-1,False Negative
s_008um_00117_00507-1,False Negative
s_008um_00117_00508-1,False Negative
s_008um_00117_00614-1,False Negative
s_008um_00117_00615-1,False Negative
s_008um_00117_00616-1,False Negative
s_008um_00117_00617-1,False Negative
s_008um_00118_00489-1,False Negative
s_008um_00118_00490-1,False Negative
s_008um_00118_00503-1,False Negative
s_008um_00118_00504-1,False Negative
s_008um_00118_00505-1,False Negative
s_008um_00118_00506-1,False Negative
s_008um_00118_00507-1,False Negative
s_008um_00118_00508-1,False Negative
s_008um_00118_00614-1,False Negative
s_008um_00118_00615-1,False Negative
s_008um_00118_00616-1,False Negative
s_008um_00118_00617-1,False Negative
s_008um_00119_00489-1,False Negative
s_008um_00119_00504-1,False Negative
s_008um_00119_00505-1,False Negative
s_008um_00119_00506-1,False Negative
s_008um_00119_00507-1,False Negative
s_008um_00119_00537-1,False Negative
s_008um_00119_00538-1,False Negative
s_008um_00119_00615-1,False Negative
s_008um_00119_00616-1,False Negative
s_008um_00119_00617-1,False Negative
s_008um_00120_00442-1,False Negative
s_008um_00120_00443-1,False Negative
s_008um_00120_00444-1,False Negative
s_008um_00120_00538-1,False Negative
s_008um_00121_00433-1,False Negative
s_008um_00121_00441-1,False Negative
s_008um_00121_00442-1,False Negative
s_008um_00121_00443-1,False Negative
s_008um_00121_00444-1,False Negative
s_008um_00122_00441-1,False Negative
s_008um_00122_00442-1,False Negative
s_008um_00122_00443-1,False Negative
s_008um_00122_00444-1,False Negative
s_008um_00123_00442-1,False Negative
s_008um_00123_00443-1,False Negative
s_008um_00125_00378-1,False Negative
s_008um_00125_00463-1,False Negative
s_008um_00125_00533-1,False Negative
s_008um_00125_00547-1,False Negative
s_008um_00125_00589-1,False Negative
s_008um_00126_00463-1,False Negative
s_008um_00126_00468-1,False Negative
s_008um_00126_00541-1,False Negative
s_008um_00126_00542-1,False Negative
s_008um_00126_00543-1,False Negative
s_008um_00126_00544-1,False Negative
s_008um_00126_00545-1,False Negative
s_008um_00126_00546-1,False Negative
s_008um_00126_00547-1,False Negative
s_008um_00126_00573-1,False Negative
s_008um_00126_00574-1,False Negative
s_008um_00126_00575-1,False Negative
s_008um_00126_00576-1,False Negative
s_008um_00126_00584-1,False Negative
s_008um_00126_00585-1,False Negative
s_008um_00126_00586-1,False Negative
s_008um_00126_00587-1,False Negative
s_008um_00126_00588-1,False Negative
s_008um_00126_00589-1,False Negative
s_008um_00126_00590-1,False Negative
s_008um_00126_00591-1,False Negative
s_008um_00126_00592-1,False Negative
s_008um_00127_00468-1,False Negative
s_008um_00127_00541-1,False Negative
s_008um_00127_00542-1,False Negative
s_008um_00127_00543-1,False Negative
s_008um_00127_00544-1,False Negative
s_008um_00127_00545-1,False Negative
s_008um_00127_00546-1,False Negative
s_008um_00127_00547-1,False Negative
s_008um_00127_00585-1,False Negative
s_008um_00127_00586-1,False Negative
s_008um_00127_00587-1,False Negative
s_008um_00127_00588-1,False Negative
s_008um_00127_00589-1,False Negative
s_008um_00127_00590-1,False Negative
s_008um_00127_00591-1,False Negative
s_008um_00127_00592-1,False Negative
s_008um_00128_00468-1,False Negative
s_008um_00128_00477-1,False Negative
s_008um_00128_00543-1,False Negative
s_008um_00128_00544-1,False Negative
s_008um_00128_00545-1,False Negative
s_008um_00128_00590-1,False Negative
s_008um_00128_00591-1,False Negative
s_008um_00129_00477-1,False Negative
s_008um_00129_00631-1,False Negative
s_008um_00130_00630-1,False Negative
s_008um_00130_00631-1,False Negative
s_008um_00130_00632-1,False Negative
s_008um_00131_00630-1,False Negative
s_008um_00131_00631-1,False Negative
s_008um_00131_00632-1,False Negative
s_008um_00132_00538-1,False Negative
s_008um_00132_00539-1,False Negative
s_008um_00132_00540-1,False Negative
s_008um_00132_00630-1,False Negative
s_008um_00132_00631-1,False Negative
s_008um_00132_00632-1,False Negative
s_008um_00133_00346-1,False Negative
s_008um_00133_00381-1,False Negative
s_008um_00133_00382-1,False Negative
s_008um_00133_00383-1,False Negative
s_008um_00133_00384-1,False Negative
s_008um_00133_00537-1,False Negative
s_008um_00133_00538-1,False Negative
s_008um_00133_00539-1,False Negative
s_008um_00133_00540-1,False Negative
s_008um_00133_00541-1,False Negative
s_008um_00133_00571-1,False Negative
s_008um_00133_00572-1,False Negative
s_008um_00133_00630-1,False Negative
s_008um_00133_00631-1,False Negative
s_008um_00133_00632-1,False Negative
s_008um_00134_00346-1,False Negative
s_008um_00134_00533-1,False Negative
s_008um_00134_00534-1,False Negative
s_008um_00134_00535-1,False Negative
s_008um_00134_00537-1,False Negative
s_008um_00134_00538-1,False Negative
s_008um_00134_00539-1,False Negative
s_008um_00134_00540-1,False Negative
s_008um_00134_00541-1,False Negative
s_008um_00134_00570-1,False Negative
s_008um_00134_00630-1,False Negative
s_008um_00134_00631-1,False Negative
s_008um_00134_00632-1,False Negative
s_008um_00135_00412-1,False Negative
s_008um_00135_00467-1,False Negative
s_008um_00135_00468-1,False Negative
s_008um_00135_00469-1,False Negative
s_008um_00135_00470-1,False Negative
s_008um_00135_00471-1,False Negative
s_008um_00135_00493-1,False Negative
s_008um_00135_00494-1,False Negative
s_008um_00135_00533-1,False Negative
s_008um_00135_00534-1,False Negative
s_008um_00135_00535-1,False Negative
s_008um_00135_00540-1,False Negative
s_008um_00135_00570-1,False Negative
s_008um_00136_00365-1,False Negative
s_008um_00136_00366-1,False Negative
s_008um_00136_00367-1,False Negative
s_008um_00136_00411-1,False Negative
s_008um_00136_00412-1,False Negative
s_008um_00136_00413-1,False Negative
s_008um_00136_00467-1,False Negative
s_008um_00136_00468-1,False Negative
s_008um_00136_00469-1,False Negative
s_008um_00136_00470-1,False Negative
s_008um_00136_00471-1,False Negative
s_008um_00136_00533-1,False Negative
s_008um_00136_00534-1,False Negative
s_008um_00136_00535-1,False Negative
s_008um_00136_00569-1,False Negative
s_008um_00136_00570-1,False Negative
s_008um_00136_00620-1,False Negative
s_008um_00136_00645-1,False Negative
s_008um_00137_00364-1,False Negative
s_008um_00137_00411-1,False Negative
s_008um_00137_00412-1,False Negative
s_008um_00137_00413-1,False Negative
s_008um_00137_00468-1,False Negative
s_008um_00137_00469-1,False Negative
s_008um_00137_00470-1,False Negative
s_008um_00137_00471-1,False Negative
s_008um_00137_00533-1,False Negative
s_008um_00137_00534-1,False Negative
s_008um_00137_00535-1,False Negative
s_008um_00137_00562-1,False Negative
s_008um_00137_00563-1,False Negative
s_008um_00137_00564-1,False Negative
s_008um_00137_00565-1,False Negative
s_008um_00137_00569-1,False Negative
s_008um_00137_00570-1,False Negative
s_008um_00137_00643-1,False Negative
s_008um_00137_00644-1,False Negative
s_008um_00137_00645-1,False Negative
s_008um_00137_00646-1,False Negative
s_008um_00137_00647-1,False Negative
s_008um_00137_00648-1,False Negative
s_008um_00138_00339-1,False Negative
s_008um_00138_00363-1,False Negative
s_008um_00138_00413-1,False Negative
s_008um_00138_00414-1,False Negative
s_008um_00138_00415-1,False Negative
s_008um_00138_00416-1,False Negative
s_008um_00138_00417-1,False Negative
s_008um_00138_00418-1,False Negative
s_008um_00138_00451-1,False Negative
s_008um_00138_00452-1,False Negative
s_008um_00138_00569-1,False Negative
s_008um_00138_00570-1,False Negative
s_008um_00138_00646-1,False Negative
s_008um_00138_00647-1,False Negative
s_008um_00139_00339-1,False Negative
s_008um_00139_00340-1,False Negative
s_008um_00139_00341-1,False Negative
s_008um_00139_00363-1,False Negative
s_008um_00139_00385-1,False Negative
s_008um_00139_00450-1,False Negative
s_008um_00139_00451-1,False Negative
s_008um_00139_00452-1,False Negative
s_008um_00139_00453-1,False Negative
s_008um_00139_00570-1,False Negative
s_008um_00139_00583-1,False Negative
s_008um_00139_00593-1,False Negative
s_008um_00139_00594-1,False Negative
s_008um_00139_00595-1,False Negative
s_008um_00140_00363-1,False Negative
s_008um_00140_00450-1,False Negative
s_008um_00140_00570-1,False Negative
s_008um_00140_00571-1,False Negative
s_008um_00140_00582-1,False Negative
s_008um_00140_00583-1,False Negative
s_008um_00140_00584-1,False Negative
s_008um_00140_00592-1,False Negative
s_008um_00140_00593-1,False Negative
s_008um_00140_00594-1,False Negative
s_008um_00140_00595-1,False Negative
s_008um_00140_00596-1,False Negative
s_008um_00141_00570-1,False Negative
s_008um_00141_00571-1,False Negative
s_008um_00141_00582-1,False Negative
s_008um_00141_00583-1,False Negative
s_008um_00141_00591-1,False Negative
s_008um_00142_00571-1,False Negative
s_008um_00142_00572-1,False Negative
s_008um_00142_00582-1,False Negative
s_008um_00142_00583-1,False Negative
s_008um_00143_00395-1,False Negative
s_008um_00143_00396-1,False Negative
s_008um_00143_00572-1,False Negative
s_008um_00143_00573-1,False Negative
s_008um_00143_00574-1,False Negative
s_008um_00143_00575-1,False Negative
s_008um_00143_00576-1,False Negative
s_008um_00143_00600-1,False Negative
s_008um_00144_00394-1,False Negative
s_008um_00144_00395-1,False Negative
s_008um_00144_00396-1,False Negative
s_008um_00144_00397-1,False Negative
s_008um_00144_00419-1,False Negative
s_008um_00144_00509-1,False Negative
s_008um_00144_00510-1,False Negative
s_008um_00144_00557-1,False Negative
s_008um_00144_00600-1,False Negative
s_008um_00144_00613-1,False Negative
s_008um_00144_00614-1,False Negative
s_008um_00144_00615-1,False Negative
s_008um_00144_00616-1,False Negative
s_008um_00145_00394-1,False Negative
s_008um_00145_00395-1,False Negative
s_008um_00145_00396-1,False Negative
s_008um_00145_00397-1,False Negative
s_008um_00145_00413-1,False Negative
s_008um_00145_00473-1,False Negative
s_008um_00145_00510-1,False Negative
s_008um_00145_00511-1,False Negative
s_008um_00145_00564-1,False Negative
s_008um_00145_00565-1,False Negative
s_008um_00145_00601-1,False Negative
s_008um_00145_00613-1,False Negative
s_008um_00145_00614-1,False Negative
s_008um_00145_00615-1,False Negative
s_008um_00145_00616-1,False Negative
s_008um_00145_00617-1,False Negative
s_008um_00146_00364-1,False Negative
s_008um_00146_00365-1,False Negative
s_008um_00146_00395-1,False Negative
s_008um_00146_00396-1,False Negative
s_008um_00146_00397-1,False Negative
s_008um_00146_00398-1,False Negative
s_008um_00146_00425-1,False Negative
s_008um_00146_00471-1,False Negative
s_008um_00146_00472-1,False Negative
s_008um_00146_00473-1,False Negative
s_008um_00146_00474-1,False Negative
s_008um_00146_00481-1,False Negative
s_008um_00146_00482-1,False Negative
s_008um_00146_00511-1,False Negative
s_008um_00146_00614-1,False Negative
s_008um_00146_00615-1,False Negative
s_008um_00146_00616-1,False Negative
s_008um_00146_00617-1,False Negative
s_008um_00147_00364-1,False Negative
s_008um_00147_00396-1,False Negative
s_008um_00147_00397-1,False Negative
s_008um_00147_00470-1,False Negative
s_008um_00147_00471-1,False Negative
s_008um_00147_00472-1,False Negative
s_008um_00147_00473-1,False Negative
s_008um_00147_00474-1,False Negative
s_008um_00147_00511-1,False Negative
s_008um_00148_00363-1,False Negative
s_008um_00148_00389-1,False Negative
s_008um_00148_00390-1,False Negative
s_008um_00148_00391-1,False Negative
s_008um_00148_00392-1,False Negative
s_008um_00148_00393-1,False Negative
s_008um_00148_00471-1,False Negative
s_008um_00148_00472-1,False Negative
s_008um_00148_00511-1,False Negative
s_008um_00149_00314-1,False Negative
s_008um_00149_00315-1,False Negative
s_008um_00149_00363-1,False Negative
s_008um_00149_00389-1,False Negative
s_008um_00149_00390-1,False Negative
s_008um_00149_00391-1,False Negative
s_008um_00149_00392-1,False Negative
s_008um_00149_00393-1,False Negative
s_008um_00149_00561-1,False Negative
s_008um_00150_00311-1,False Negative
s_008um_00150_00312-1,False Negative
s_008um_00150_00313-1,False Negative
s_008um_00150_00314-1,False Negative
s_008um_00150_00315-1,False Negative
s_008um_00150_00363-1,False Negative
s_008um_00150_00389-1,False Negative
s_008um_00150_00390-1,False Negative
s_008um_00150_00391-1,False Negative
s_008um_00150_00392-1,False Negative
s_008um_00150_00393-1,False Negative
s_008um_00150_00501-1,False Negative
s_008um_00150_00502-1,False Negative
s_008um_00150_00509-1,False Negative
s_008um_00150_00560-1,False Negative
s_008um_00150_00578-1,False Negative
s_008um_00150_00579-1,False Negative
s_008um_00150_00629-1,False Negative
s_008um_00150_00630-1,False Negative
s_008um_00151_00311-1,False Negative
s_008um_00151_00312-1,False Negative
s_008um_00151_00313-1,False Negative
s_008um_00151_00314-1,False Negative
s_008um_00151_00315-1,False Negative
s_008um_00151_00362-1,False Negative
s_008um_00151_00363-1,False Negative
s_008um_00151_00390-1,False Negative
s_008um_00151_00391-1,False Negative
s_008um_00151_00392-1,False Negative
s_008um_00151_00393-1,False Negative
s_008um_00151_00500-1,False Negative
s_008um_00151_00501-1,False Negative
s_008um_00151_00502-1,False Negative
s_008um_00151_00503-1,False Negative
s_008um_00151_00504-1,False Negative
s_008um_00151_00558-1,False Negative
s_008um_00151_00559-1,False Negative
s_008um_00151_00560-1,False Negative
s_008um_00152_00311-1,False Negative
s_008um_00152_00312-1,False Negative
s_008um_00152_00313-1,False Negative
s_008um_00152_00314-1,False Negative
s_008um_00152_00362-1,False Negative
s_008um_00152_00363-1,False Negative
s_008um_00152_00391-1,False Negative
s_008um_00152_00505-1,False Negative
s_008um_00153_00311-1,False Negative
s_008um_00153_00312-1,False Negative
s_008um_00153_00313-1,False Negative
s_008um_00153_00314-1,False Negative
s_008um_00153_00362-1,False Negative
s_008um_00153_00363-1,False Negative
s_008um_00153_00505-1,False Negative
s_008um_00153_00672-1,False Negative
s_008um_00153_00683-1,False Negative
s_008um_00153_00684-1,False Negative
s_008um_00154_00312-1,False Negative
s_008um_00154_00362-1,False Negative
s_008um_00154_00363-1,False Negative
s_008um_00154_00388-1,False Negative
s_008um_00154_00389-1,False Negative
s_008um_00154_00563-1,False Negative
s_008um_00154_00682-1,False Negative
s_008um_00154_00683-1,False Negative
s_008um_00154_00684-1,False Negative
s_008um_00154_00685-1,False Negative
s_008um_00155_00347-1,False Negative
s_008um_00155_00348-1,False Negative
s_008um_00155_00362-1,False Negative
s_008um_00155_00363-1,False Negative
s_008um_00155_00364-1,False Negative
s_008um_00155_00388-1,False Negative
s_008um_00155_00389-1,False Negative
s_008um_00155_00564-1,False Negative
s_008um_00155_00565-1,False Negative
s_008um_00155_00566-1,False Negative
s_008um_00155_00682-1,False Negative
s_008um_00155_00683-1,False Negative
s_008um_00155_00684-1,False Negative
s_008um_00155_00685-1,False Negative
s_008um_00156_00346-1,False Negative
s_008um_00156_00347-1,False Negative
s_008um_00156_00348-1,False Negative
s_008um_00156_00366-1,False Negative
s_008um_00156_00367-1,False Negative
s_008um_00156_00388-1,False Negative
s_008um_00156_00389-1,False Negative
s_008um_00156_00511-1,False Negative
s_008um_00156_00516-1,False Negative
s_008um_00156_00579-1,False Negative
s_008um_00156_00580-1,False Negative
s_008um_00156_00682-1,False Negative
s_008um_00156_00683-1,False Negative
s_008um_00156_00684-1,False Negative
s_008um_00156_00685-1,False Negative
s_008um_00157_00346-1,False Negative
s_008um_00157_00347-1,False Negative
s_008um_00157_00348-1,False Negative
s_008um_00157_00512-1,False Negative
s_008um_00157_00513-1,False Negative
s_008um_00157_00514-1,False Negative
s_008um_00157_00515-1,False Negative
s_008um_00157_00622-1,False Negative
s_008um_00157_00623-1,False Negative
s_008um_00157_00624-1,False Negative
s_008um_00157_00658-1,False Negative
s_008um_00157_00659-1,False Negative
s_008um_00157_00660-1,False Negative
s_008um_00157_00661-1,False Negative
s_008um_00157_00690-1,False Negative
s_008um_00157_00691-1,False Negative
s_008um_00158_00625-1,False Negative
s_008um_00158_00657-1,False Negative
s_008um_00158_00658-1,False Negative
s_008um_00158_00659-1,False Negative
s_008um_00158_00660-1,False Negative
s_008um_00158_00661-1,False Negative
s_008um_00158_00662-1,False Negative
s_008um_00158_00666-1,False Negative
s_008um_00158_00689-1,False Negative
s_008um_00158_00690-1,False Negative
s_008um_00158_00691-1,False Negative
s_008um_00158_00698-1,False Negative
s_008um_00158_00699-1,False Negative
s_008um_00158_00700-1,False Negative
s_008um_00158_00701-1,False Negative
s_008um_00159_00626-1,False Negative
s_008um_00159_00662-1,False Negative
s_008um_00159_00665-1,False Negative
s_008um_00159_00666-1,False Negative
s_008um_00159_00667-1,False Negative
s_008um_00159_00698-1,False Negative
s_008um_00159_00699-1,False Negative
s_008um_00159_00700-1,False Negative
s_008um_00159_00701-1,False Negative
s_008um_00160_00294-1,False Negative
s_008um_00160_00295-1,False Negative
s_008um_00160_00626-1,False Negative
s_008um_00160_00665-1,False Negative
s_008um_00160_00666-1,False Negative
s_008um_00160_00667-1,False Negative
s_008um_00160_00668-1,False Negative
s_008um_00160_00698-1,False Negative
s_008um_00160_00699-1,False Negative
s_008um_00160_00700-1,False Negative
s_008um_00160_00701-1,False Negative
s_008um_00160_00702-1,False Negative
s_008um_00161_00294-1,False Negative
s_008um_00161_00295-1,False Negative
s_008um_00161_00296-1,False Negative
s_008um_00161_00588-1,False Negative
s_008um_00161_00626-1,False Negative
s_008um_00161_00630-1,False Negative
s_008um_00161_00631-1,False Negative
s_008um_00161_00632-1,False Negative
s_008um_00161_00665-1,False Negative
s_008um_00161_00666-1,False Negative
s_008um_00161_00667-1,False Negative
s_008um_00161_00668-1,False Negative
s_008um_00161_00672-1,False Negative
s_008um_00161_00673-1,False Negative
s_008um_00161_00674-1,False Negative
s_008um_00162_00295-1,False Negative
s_008um_00162_00296-1,False Negative
s_008um_00162_00587-1,False Negative
s_008um_00162_00588-1,False Negative
s_008um_00162_00629-1,False Negative
s_008um_00162_00630-1,False Negative
s_008um_00162_00631-1,False Negative
s_008um_00162_00632-1,False Negative
s_008um_00162_00665-1,False Negative
s_008um_00162_00666-1,False Negative
s_008um_00162_00667-1,False Negative
s_008um_00162_00668-1,False Negative
s_008um_00163_00587-1,False Negative
s_008um_00163_00588-1,False Negative
s_008um_00163_00625-1,False Negative
s_008um_00163_00631-1,False Negative
s_008um_00163_00632-1,False Negative
s_008um_00163_00665-1,False Negative
s_008um_00163_00666-1,False Negative
s_008um_00163_00667-1,False Negative
s_008um_00163_00668-1,False Negative
s_008um_00163_00672-1,False Negative
s_008um_00163_00673-1,False Negative
s_008um_00163_00674-1,False Negative
s_008um_00163_00675-1,False Negative
s_008um_00164_00587-1,False Negative
s_008um_00164_00588-1,False Negative
s_008um_00164_00622-1,False Negative
s_008um_00164_00623-1,False Negative
s_008um_00164_00624-1,False Negative
s_008um_00164_00625-1,False Negative
s_008um_00164_00662-1,False Negative
s_008um_00164_00665-1,False Negative
s_008um_00164_00666-1,False Negative
s_008um_00164_00667-1,False Negative
s_008um_00164_00668-1,False Negative
s_008um_00164_00671-1,False Negative
s_008um_00164_00672-1,False Negative
s_008um_00164_00676-1,False Negative
s_008um_00164_00689-1,False Negative
s_008um_00164_00690-1,False Negative
s_008um_00165_00587-1,False Negative
s_008um_00165_00588-1,False Negative
s_008um_00165_00622-1,False Negative
s_008um_00165_00661-1,False Negative
s_008um_00165_00662-1,False Negative
s_008um_00165_00666-1,False Negative
s_008um_00165_00667-1,False Negative
s_008um_00165_00670-1,False Negative
s_008um_00165_00677-1,False Negative
s_008um_00165_00695-1,False Negative
s_008um_00165_00702-1,False Negative
s_008um_00166_00588-1,False Negative
s_008um_00166_00657-1,False Negative
s_008um_00166_00658-1,False Negative
s_008um_00166_00659-1,False Negative
s_008um_00166_00660-1,False Negative
s_008um_00166_00661-1,False Negative
s_008um_00166_00670-1,False Negative
s_008um_00166_00695-1,False Negative
s_008um_00167_00582-1,False Negative
s_008um_00167_00659-1,False Negative
s_008um_00167_00695-1,False Negative
s_008um_00168_00341-1,False Negative
s_008um_00168_00342-1,False Negative
s_008um_00168_00579-1,False Negative
s_008um_00168_00580-1,False Negative
s_008um_00168_00581-1,False Negative
s_008um_00169_00343-1,False Negative
s_008um_00170_00576-1,False Negative
s_008um_00171_00576-1,False Negative
s_008um_00171_00577-1,False Negative
s_008um_00171_00653-1,False Negative
s_008um_00171_00700-1,False Negative
s_008um_00171_00701-1,False Negative
s_008um_00171_00702-1,False Negative
s_008um_00172_00575-1,False Negative
s_008um_00172_00576-1,False Negative
s_008um_00172_00577-1,False Negative
s_008um_00172_00652-1,False Negative
s_008um_00172_00699-1,False Negative
s_008um_00172_00700-1,False Negative
s_008um_00172_00701-1,False Negative
s_008um_00172_00702-1,False Negative
s_008um_00173_00577-1,False Negative
s_008um_00173_00652-1,False Negative
s_008um_00173_00698-1,False Negative
s_008um_00173_00699-1,False Negative
s_008um_00173_00700-1,False Negative
s_008um_00173_00701-1,False Negative
s_008um_00174_00699-1,False Negative
s_008um_00174_00700-1,False Negative
s_008um_00174_00701-1,False Negative
s_008um_00175_00626-1,False Negative
s_008um_00177_00652-1,False Negative
s_008um_00177_00653-1,False Negative
s_008um_00177_00654-1,False Negative
s_008um_00178_00481-1,False Negative
s_008um_00178_00652-1,False Negative
s_008um_00178_00653-1,False Negative
s_008um_00178_00654-1,False Negative
s_008um_00178_00655-1,False Negative
s_008um_00178_00656-1,False Negative
s_008um_00179_00482-1,False Negative
s_008um_00179_00483-1,False Negative
s_008um_00179_00484-1,False Negative
s_008um_00179_00485-1,False Negative
s_008um_00179_00486-1,False Negative
s_008um_00179_00575-1,False Negative
s_008um_00179_00576-1,False Negative
s_008um_00179_00577-1,False Negative
s_008um_00179_00652-1,False Negative
s_008um_00179_00653-1,False Negative
s_008um_00179_00654-1,False Negative
s_008um_00179_00655-1,False Negative
s_008um_00179_00656-1,False Negative
s_008um_00180_00574-1,False Negative
s_008um_00180_00575-1,False Negative
s_008um_00180_00576-1,False Negative
s_008um_00180_00577-1,False Negative
s_008um_00180_00578-1,False Negative
s_008um_00180_00688-1,False Negative
s_008um_00180_00689-1,False Negative
s_008um_00180_00690-1,False Negative
s_008um_00181_00391-1,False Negative
s_008um_00181_00392-1,False Negative
s_008um_00181_00393-1,False Negative
s_008um_00181_00574-1,False Negative
s_008um_00181_00575-1,False Negative
s_008um_00181_00576-1,False Negative
s_008um_00181_00577-1,False Negative
s_008um_00181_00578-1,False Negative
s_008um_00181_00674-1,False Negative
s_008um_00181_00675-1,False Negative
s_008um_00181_00687-1,False Negative
s_008um_00181_00688-1,False Negative
s_008um_00181_00689-1,False Negative
s_008um_00181_00690-1,False Negative
s_008um_00182_00390-1,False Negative
s_008um_00182_00391-1,False Negative
s_008um_00182_00459-1,False Negative
s_008um_00182_00460-1,False Negative
s_008um_00182_00461-1,False Negative
s_008um_00182_00462-1,False Negative
s_008um_00182_00575-1,False Negative
s_008um_00182_00576-1,False Negative
s_008um_00182_00577-1,False Negative
s_008um_00182_00578-1,False Negative
s_008um_00182_00627-1,False Negative
s_008um_00182_00628-1,False Negative
s_008um_00182_00629-1,False Negative
s_008um_00182_00630-1,False Negative
s_008um_00182_00659-1,False Negative
s_008um_00182_00660-1,False Negative
s_008um_00182_00661-1,False Negative
s_008um_00182_00662-1,False Negative
s_008um_00182_00663-1,False Negative
s_008um_00182_00673-1,False Negative
s_008um_00182_00674-1,False Negative
s_008um_00182_00675-1,False Negative
s_008um_00182_00676-1,False Negative
s_008um_00182_00686-1,False Negative
s_008um_00182_00687-1,False Negative
s_008um_00182_00688-1,False Negative
s_008um_00182_00689-1,False Negative
s_008um_00182_00690-1,False Negative
s_008um_00183_00390-1,False Negative
s_008um_00183_00460-1,False Negative
s_008um_00183_00461-1,False Negative
s_008um_00183_00577-1,False Negative
s_008um_00183_00627-1,False Negative
s_008um_00183_00628-1,False Negative
s_008um_00183_00629-1,False Negative
s_008um_00183_00630-1,False Negative
s_008um_00183_00656-1,False Negative
s_008um_00183_00659-1,False Negative
s_008um_00183_00660-1,False Negative
s_008um_00183_00661-1,False Negative
s_008um_00183_00662-1,False Negative
s_008um_00183_00663-1,False Negative
s_008um_00183_00673-1,False Negative
s_008um_00183_00674-1,False Negative
s_008um_00183_00675-1,False Negative
s_008um_00183_00676-1,False Negative
s_008um_00183_00686-1,False Negative
s_008um_00183_00687-1,False Negative
s_008um_00183_00688-1,False Negative
s_008um_00183_00689-1,False Negative
s_008um_00183_00690-1,False Negative
s_008um_00183_00702-1,False Negative
s_008um_00183_00703-1,False Negative
s_008um_00183_00704-1,False Negative
s_008um_00183_00705-1,False Negative
s_008um_00184_00627-1,False Negative
s_008um_00184_00628-1,False Negative
s_008um_00184_00629-1,False Negative
s_008um_00184_00630-1,False Negative
s_008um_00184_00674-1,False Negative
s_008um_00184_00675-1,False Negative
s_008um_00184_00676-1,False Negative
s_008um_00184_00687-1,False Negative
s_008um_00184_00688-1,False Negative
s_008um_00184_00689-1,False Negative
s_008um_00184_00702-1,False Negative
s_008um_00184_00703-1,False Negative
s_008um_00184_00704-1,False Negative
s_008um_00184_00705-1,False Negative
s_008um_00184_00706-1,False Negative
s_008um_00185_00657-1,False Negative
s_008um_00185_00675-1,False Negative
s_008um_00185_00688-1,False Negative
s_008um_00185_00689-1,False Negative
s_008um_00185_00701-1,False Negative
s_008um_00185_00702-1,False Negative
s_008um_00185_00703-1,False Negative
s_008um_00185_00704-1,False Negative
s_008um_00185_00705-1,False Negative
s_008um_00185_00706-1,False Negative
s_008um_00185_00707-1,False Negative
s_008um_00186_00625-1,False Negative
s_008um_00186_00626-1,False Negative
s_008um_00186_00636-1,False Negative
s_008um_00186_00657-1,False Negative
s_008um_00186_00700-1,False Negative
s_008um_00186_00701-1,False Negative
s_008um_00186_00702-1,False Negative
s_008um_00186_00703-1,False Negative
s_008um_00187_00625-1,False Negative
s_008um_00187_00626-1,False Negative
s_008um_00187_00627-1,False Negative
s_008um_00187_00634-1,False Negative
s_008um_00187_00635-1,False Negative
s_008um_00187_00636-1,False Negative
s_008um_00187_00637-1,False Negative
s_008um_00187_00657-1,False Negative
s_008um_00187_00700-1,False Negative
s_008um_00187_00701-1,False Negative
s_008um_00187_00702-1,False Negative
s_008um_00188_00625-1,False Negative
s_008um_00188_00626-1,False Negative
s_008um_00188_00627-1,False Negative
s_008um_00188_00634-1,False Negative
s_008um_00188_00635-1,False Negative
s_008um_00188_00636-1,False Negative
s_008um_00188_00637-1,False Negative
s_008um_00188_00656-1,False Negative
s_008um_00188_00661-1,False Negative
s_008um_00188_00662-1,False Negative
s_008um_00188_00699-1,False Negative
s_008um_00188_00700-1,False Negative
s_008um_00188_00701-1,False Negative
s_008um_00188_00702-1,False Negative
s_008um_00189_00625-1,False Negative
s_008um_00189_00626-1,False Negative
s_008um_00189_00627-1,False Negative
s_008um_00189_00635-1,False Negative
s_008um_00189_00636-1,False Negative
s_008um_00189_00637-1,False Negative
s_008um_00189_00645-1,False Negative
s_008um_00189_00646-1,False Negative
s_008um_00189_00664-1,False Negative
s_008um_00189_00699-1,False Negative
s_008um_00189_00700-1,False Negative
s_008um_00189_00701-1,False Negative
s_008um_00190_00380-1,False Negative
s_008um_00190_00381-1,False Negative
s_008um_00190_00629-1,False Negative
s_008um_00190_00630-1,False Negative
s_008um_00190_00631-1,False Negative
s_008um_00190_00632-1,False Negative
s_008um_00190_00644-1,False Negative
s_008um_00190_00645-1,False Negative
s_008um_00190_00646-1,False Negative
s_008um_00190_00647-1,False Negative
s_008um_00190_00664-1,False Negative
s_008um_00190_00665-1,False Negative
s_008um_00190_00699-1,False Negative
s_008um_00190_00700-1,False Negative
s_008um_00190_00701-1,False Negative
s_008um_00191_00379-1,False Negative
s_008um_00191_00380-1,False Negative
s_008um_00191_00381-1,False Negative
s_008um_00191_00607-1,False Negative
s_008um_00191_00628-1,False Negative
s_008um_00191_00644-1,False Negative
s_008um_00191_00645-1,False Negative
s_008um_00191_00646-1,False Negative
s_008um_00191_00647-1,False Negative
s_008um_00191_00648-1,False Negative
s_008um_00191_00664-1,False Negative
s_008um_00191_00686-1,False Negative
s_008um_00191_00687-1,False Negative
s_008um_00191_00688-1,False Negative
s_008um_00191_00699-1,False Negative
s_008um_00191_00700-1,False Negative
s_008um_00191_00701-1,False Negative
s_008um_00191_00720-1,False Negative
s_008um_00192_00379-1,False Negative
s_008um_00192_00380-1,False Negative
s_008um_00192_00381-1,False Negative
s_008um_00192_00382-1,False Negative
s_008um_00192_00419-1,False Negative
s_008um_00192_00628-1,False Negative
s_008um_00192_00643-1,False Negative
s_008um_00192_00644-1,False Negative
s_008um_00192_00645-1,False Negative
s_008um_00192_00646-1,False Negative
s_008um_00192_00647-1,False Negative
s_008um_00192_00648-1,False Negative
s_008um_00192_00685-1,False Negative
s_008um_00192_00686-1,False Negative
s_008um_00192_00687-1,False Negative
s_008um_00192_00688-1,False Negative
s_008um_00192_00689-1,False Negative
s_008um_00192_00699-1,False Negative
s_008um_00192_00700-1,False Negative
s_008um_00192_00701-1,False Negative
s_008um_00192_00720-1,False Negative
s_008um_00193_00379-1,False Negative
s_008um_00193_00380-1,False Negative
s_008um_00193_00381-1,False Negative
s_008um_00193_00628-1,False Negative
s_008um_00193_00644-1,False Negative
s_008um_00193_00645-1,False Negative
s_008um_00193_00646-1,False Negative
s_008um_00193_00647-1,False Negative
s_008um_00193_00648-1,False Negative
s_008um_00193_00685-1,False Negative
s_008um_00193_00686-1,False Negative
s_008um_00193_00687-1,False Negative
s_008um_00193_00688-1,False Negative
s_008um_00193_00689-1,False Negative
s_008um_00193_00700-1,False Negative
s_008um_00193_00701-1,False Negative
s_008um_00194_00306-1,False Negative
s_008um_00194_00380-1,False Negative
s_008um_00194_00645-1,False Negative
s_008um_00194_00646-1,False Negative
s_008um_00194_00647-1,False Negative
s_008um_00194_00665-1,False Negative
s_008um_00194_00666-1,False Negative
s_008um_00194_00685-1,False Negative
s_008um_00194_00686-1,False Negative
s_008um_00194_00687-1,False Negative
s_008um_00194_00688-1,False Negative
s_008um_00194_00689-1,False Negative
s_008um_00194_00690-1,False Negative
s_008um_00194_00691-1,False Negative
s_008um_00195_00306-1,False Negative
s_008um_00195_00636-1,False Negative
s_008um_00195_00656-1,False Negative
s_008um_00195_00657-1,False Negative
s_008um_00195_00658-1,False Negative
s_008um_00195_00669-1,False Negative
s_008um_00195_00670-1,False Negative
s_008um_00195_00685-1,False Negative
s_008um_00195_00686-1,False Negative
s_008um_00195_00719-1,False Negative
s_008um_00196_00306-1,False Negative
s_008um_00196_00636-1,False Negative
s_008um_00196_00655-1,False Negative
s_008um_00196_00656-1,False Negative
s_008um_00196_00657-1,False Negative
s_008um_00196_00658-1,False Negative
s_008um_00196_00659-1,False Negative
s_008um_00196_00669-1,False Negative
s_008um_00196_00670-1,False Negative
s_008um_00196_00671-1,False Negative
s_008um_00196_00685-1,False Negative
s_008um_00196_00716-1,False Negative
s_008um_00196_00717-1,False Negative
s_008um_00196_00718-1,False Negative
s_008um_00197_00636-1,False Negative
s_008um_00197_00655-1,False Negative
s_008um_00197_00656-1,False Negative
s_008um_00197_00657-1,False Negative
s_008um_00197_00658-1,False Negative
s_008um_00197_00659-1,False Negative
s_008um_00197_00662-1,False Negative
s_008um_00197_00670-1,False Negative
s_008um_00197_00671-1,False Negative
s_008um_00197_00672-1,False Negative
s_008um_00197_00685-1,False Negative
s_008um_00198_00419-1,False Negative
s_008um_00198_00637-1,False Negative
s_008um_00198_00655-1,False Negative
s_008um_00198_00656-1,False Negative
s_008um_00198_00657-1,False Negative
s_008um_00198_00658-1,False Negative
s_008um_00198_00659-1,False Negative
s_008um_00198_00662-1,False Negative
s_008um_00198_00663-1,False Negative
s_008um_00198_00669-1,False Negative
s_008um_00198_00670-1,False Negative
s_008um_00198_00671-1,False Negative
s_008um_00198_00672-1,False Negative
s_008um_00199_00638-1,False Negative
s_008um_00199_00656-1,False Negative
s_008um_00199_00657-1,False Negative
s_008um_00199_00658-1,False Negative
s_008um_00199_00659-1,False Negative
s_008um_00199_00663-1,False Negative
s_008um_00199_00664-1,False Negative
s_008um_00199_00665-1,False Negative
s_008um_00199_00666-1,False Negative
s_008um_00199_00667-1,False Negative
s_008um_00199_00668-1,False Negative
s_008um_00199_00669-1,False Negative
s_008um_00199_00670-1,False Negative
s_008um_00199_00671-1,False Negative
s_008um_00199_00672-1,False Negative
s_008um_00200_00633-1,False Negative
s_008um_00200_00634-1,False Negative
s_008um_00200_00635-1,False Negative
s_008um_00200_00636-1,False Negative
s_008um_00200_00667-1,False Negative
s_008um_00200_00668-1,False Negative
s_008um_00200_00669-1,False Negative
s_008um_00200_00670-1,False Negative
s_008um_00201_00415-1,False Negative
s_008um_00201_00633-1,False Negative
s_008um_00201_00634-1,False Negative
s_008um_00201_00635-1,False Negative
s_008um_00201_00636-1,False Negative
s_008um_00201_00644-1,False Negative
s_008um_00202_00415-1,False Negative
s_008um_00202_00633-1,False Negative
s_008um_00202_00634-1,False Negative
s_008um_00202_00635-1,False Negative
s_008um_00202_00643-1,False Negative
s_008um_00202_00644-1,False Negative
s_008um_00202_00645-1,False Negative
s_008um_00202_00666-1,False Negative
s_008um_00202_00667-1,False Negative
s_008um_00202_00668-1,False Negative
s_008um_00202_00669-1,False Negative
s_008um_00202_00670-1,False Negative
s_008um_00202_00676-1,False Negative
s_008um_00202_00677-1,False Negative
s_008um_00202_00693-1,False Negative
s_008um_00202_00694-1,False Negative
s_008um_00202_00695-1,False Negative
s_008um_00203_00415-1,False Negative
s_008um_00203_00666-1,False Negative
s_008um_00203_00672-1,False Negative
s_008um_00203_00676-1,False Negative
s_008um_00203_00677-1,False Negative
s_008um_00203_00678-1,False Negative
s_008um_00203_00692-1,False Negative
s_008um_00203_00693-1,False Negative
s_008um_00203_00694-1,False Negative
s_008um_00203_00695-1,False Negative
s_008um_00203_00740-1,False Negative
s_008um_00203_00741-1,False Negative
s_008um_00203_00742-1,False Negative
s_008um_00204_00415-1,False Negative
s_008um_00204_00632-1,False Negative
s_008um_00204_00633-1,False Negative
s_008um_00204_00634-1,False Negative
s_008um_00204_00666-1,False Negative
s_008um_00204_00672-1,False Negative
s_008um_00204_00673-1,False Negative
s_008um_00204_00675-1,False Negative
s_008um_00204_00676-1,False Negative
s_008um_00204_00677-1,False Negative
s_008um_00204_00678-1,False Negative
s_008um_00204_00679-1,False Negative
s_008um_00204_00691-1,False Negative
s_008um_00204_00692-1,False Negative
s_008um_00204_00693-1,False Negative
s_008um_00204_00694-1,False Negative
s_008um_00204_00695-1,False Negative
s_008um_00205_00414-1,False Negative
s_008um_00205_00419-1,False Negative
s_008um_00205_00631-1,False Negative
s_008um_00205_00632-1,False Negative
s_008um_00205_00633-1,False Negative
s_008um_00205_00634-1,False Negative
s_008um_00205_00666-1,False Negative
s_008um_00205_00672-1,False Negative
s_008um_00205_00673-1,False Negative
s_008um_00205_00674-1,False Negative
s_008um_00205_00675-1,False Negative
s_008um_00205_00676-1,False Negative
s_008um_00205_00677-1,False Negative
s_008um_00205_00678-1,False Negative
s_008um_00205_00679-1,False Negative
s_008um_00205_00691-1,False Negative
s_008um_00205_00692-1,False Negative
s_008um_00205_00693-1,False Negative
s_008um_00205_00694-1,False Negative
s_008um_00206_00413-1,False Negative
s_008um_00206_00419-1,False Negative
s_008um_00206_00551-1,False Negative
s_008um_00206_00552-1,False Negative
s_008um_00206_00553-1,False Negative
s_008um_00206_00554-1,False Negative
s_008um_00206_00555-1,False Negative
s_008um_00206_00631-1,False Negative
s_008um_00206_00632-1,False Negative
s_008um_00206_00633-1,False Negative
s_008um_00206_00634-1,False Negative
s_008um_00206_00666-1,False Negative
s_008um_00206_00672-1,False Negative
s_008um_00206_00673-1,False Negative
s_008um_00206_00674-1,False Negative
s_008um_00206_00676-1,False Negative
s_008um_00206_00677-1,False Negative
s_008um_00206_00678-1,False Negative
s_008um_00207_00419-1,False Negative
s_008um_00207_00551-1,False Negative
s_008um_00207_00552-1,False Negative
s_008um_00207_00553-1,False Negative
s_008um_00207_00554-1,False Negative
s_008um_00207_00555-1,False Negative
s_008um_00207_00632-1,False Negative
s_008um_00207_00633-1,False Negative
s_008um_00207_00666-1,False Negative
s_008um_00207_00667-1,False Negative
s_008um_00207_00668-1,False Negative
s_008um_00207_00671-1,False Negative
s_008um_00207_00672-1,False Negative
s_008um_00207_00673-1,False Negative
s_008um_00207_00674-1,False Negative
s_008um_00208_00419-1,False Negative
s_008um_00208_00552-1,False Negative
s_008um_00208_00553-1,False Negative
s_008um_00208_00667-1,False Negative
s_008um_00208_00668-1,False Negative
s_008um_00208_00669-1,False Negative
s_008um_00208_00670-1,False Negative
s_008um_00208_00671-1,False Negative
s_008um_00208_00672-1,False Negative
s_008um_00208_00673-1,False Negative
s_008um_00208_00674-1,False Negative
s_008um_00209_00363-1,False Negative
s_008um_00209_00419-1,False Negative
s_008um_00209_00667-1,False Negative
s_008um_00209_00668-1,False Negative
s_008um_00209_00669-1,False Negative
s_008um_00209_00670-1,False Negative
s_008um_00209_00671-1,False Negative
s_008um_00209_00672-1,False Negative
s_008um_00209_00673-1,False Negative
s_008um_00210_00363-1,False Negative
s_008um_00212_00250-1,False Negative
s_008um_00213_00249-1,False Negative
s_008um_00213_00250-1,False Negative
s_008um_00213_00738-1,False Negative
s_008um_00214_00250-1,False Negative
s_008um_00219_00550-1,False Negative
s_008um_00219_00551-1,False Negative
s_008um_00219_00552-1,False Negative
s_008um_00220_00550-1,False Negative
s_008um_00220_00551-1,False Negative
s_008um_00220_00552-1,False Negative
s_008um_00220_00576-1,False Negative
s_008um_00220_00577-1,False Negative
s_008um_00220_00578-1,False Negative
s_008um_00220_00739-1,False Negative
s_008um_00221_00550-1,False Negative
s_008um_00221_00551-1,False Negative
s_008um_00221_00552-1,False Negative
s_008um_00221_00576-1,False Negative
s_008um_00221_00577-1,False Negative
s_008um_00221_00578-1,False Negative
s_008um_00221_00690-1,False Negative
s_008um_00221_00746-1,False Negative
s_008um_00221_00747-1,False Negative
s_008um_00222_00550-1,False Negative
s_008um_00222_00551-1,False Negative
s_008um_00222_00552-1,False Negative
s_008um_00222_00575-1,False Negative
s_008um_00222_00576-1,False Negative
s_008um_00222_00577-1,False Negative
s_008um_00222_00578-1,False Negative
s_008um_00223_00550-1,False Negative
s_008um_00223_00551-1,False Negative
s_008um_00223_00552-1,False Negative
s_008um_00223_00575-1,False Negative
s_008um_00223_00576-1,False Negative
s_008um_00223_00577-1,False Negative
s_008um_00223_00578-1,False Negative
s_008um_00224_00551-1,False Negative
s_008um_00224_00576-1,False Negative
s_008um_00224_00577-1,False Negative
s_008um_00224_00578-1,False Negative
s_008um_00225_00743-1,False Negative
s_008um_00226_00742-1,False Negative
s_008um_00227_00487-1,False Negative
s_008um_00228_00485-1,False Negative
s_008um_00228_00486-1,False Negative
s_008um_00232_00481-1,False Negative
s_008um_00232_00748-1,False Negative
s_008um_00232_00749-1,False Negative
s_008um_00233_00479-1,False Negative
s_008um_00233_00480-1,False Negative
s_008um_00233_00481-1,False Negative
s_008um_00233_00482-1,False Negative
s_008um_00233_00747-1,False Negative
s_008um_00233_00748-1,False Negative
s_008um_00233_00749-1,False Negative
s_008um_00233_00750-1,False Negative
s_008um_00234_00478-1,False Negative
s_008um_00234_00479-1,False Negative
s_008um_00234_00480-1,False Negative
s_008um_00234_00481-1,False Negative
s_008um_00234_00747-1,False Negative
s_008um_00234_00748-1,False Negative
s_008um_00234_00749-1,False Negative
s_008um_00234_00750-1,False Negative
s_008um_00235_00477-1,False Negative
s_008um_00235_00478-1,False Negative
s_008um_00235_00479-1,False Negative
s_008um_00235_00480-1,False Negative
s_008um_00235_00481-1,False Negative
s_008um_00235_00714-1,False Negative
s_008um_00235_00725-1,False Negative
s_008um_00235_00729-1,False Negative
s_008um_00235_00747-1,False Negative
s_008um_00235_00748-1,False Negative
s_008um_00235_00749-1,False Negative
s_008um_00236_00241-1,False Negative
s_008um_00236_00478-1,False Negative
s_008um_00236_00479-1,False Negative
s_008um_00236_00480-1,False Negative
s_008um_00236_00715-1,False Negative
s_008um_00236_00716-1,False Negative
s_008um_00236_00726-1,False Negative
s_008um_00236_00727-1,False Negative
s_008um_00236_00743-1,False Negative
s_008um_00236_00744-1,False Negative
s_008um_00236_00745-1,False Negative
s_008um_00237_00241-1,False Negative
s_008um_00237_00255-1,False Negative
s_008um_00237_00256-1,False Negative
s_008um_00237_00257-1,False Negative
s_008um_00237_00743-1,False Negative
s_008um_00237_00744-1,False Negative
s_008um_00237_00745-1,False Negative
s_008um_00238_00255-1,False Negative
s_008um_00238_00256-1,False Negative
s_008um_00238_00257-1,False Negative
s_008um_00238_00258-1,False Negative
s_008um_00238_00743-1,False Negative
s_008um_00238_00744-1,False Negative
s_008um_00238_00745-1,False Negative
s_008um_00238_00746-1,False Negative
s_008um_00239_00243-1,False Negative
s_008um_00239_00244-1,False Negative
s_008um_00239_00245-1,False Negative
s_008um_00239_00246-1,False Negative
s_008um_00239_00247-1,False Negative
s_008um_00239_00254-1,False Negative
s_008um_00239_00255-1,False Negative
s_008um_00239_00256-1,False Negative
s_008um_00239_00257-1,False Negative
s_008um_00239_00455-1,False Negative
s_008um_00239_00470-1,False Negative
s_008um_00239_00471-1,False Negative
s_008um_00239_00472-1,False Negative
s_008um_00239_00727-1,False Negative
s_008um_00239_00728-1,False Negative
s_008um_00239_00729-1,False Negative
s_008um_00239_00730-1,False Negative
s_008um_00239_00731-1,False Negative
s_008um_00239_00732-1,False Negative
s_008um_00239_00733-1,False Negative
s_008um_00239_00744-1,False Negative
s_008um_00239_00745-1,False Negative
s_008um_00239_00746-1,False Negative
s_008um_00239_00748-1,False Negative
s_008um_00239_00752-1,False Negative
s_008um_00240_00255-1,False Negative
s_008um_00240_00256-1,False Negative
s_008um_00240_00257-1,False Negative
s_008um_00240_00455-1,False Negative
s_008um_00240_00470-1,False Negative
s_008um_00240_00471-1,False Negative
s_008um_00240_00472-1,False Negative
s_008um_00240_00728-1,False Negative
s_008um_00240_00729-1,False Negative
s_008um_00240_00730-1,False Negative
s_008um_00240_00731-1,False Negative
s_008um_00240_00732-1,False Negative
s_008um_00240_00733-1,False Negative
s_008um_00240_00744-1,False Negative
s_008um_00240_00745-1,False Negative
s_008um_00241_00376-1,False Negative
s_008um_00241_00377-1,False Negative
s_008um_00241_00378-1,False Negative
s_008um_00241_00379-1,False Negative
s_008um_00241_00454-1,False Negative
s_008um_00241_00455-1,False Negative
s_008um_00241_00470-1,False Negative
s_008um_00241_00471-1,False Negative
s_008um_00241_00472-1,False Negative
s_008um_00241_00728-1,False Negative
s_008um_00241_00729-1,False Negative
s_008um_00241_00730-1,False Negative
s_008um_00241_00731-1,False Negative
s_008um_00242_00376-1,False Negative
s_008um_00242_00377-1,False Negative
s_008um_00242_00378-1,False Negative
s_008um_00242_00379-1,False Negative
s_008um_00242_00454-1,False Negative
s_008um_00242_00455-1,False Negative
s_008um_00243_00376-1,False Negative
s_008um_00243_00377-1,False Negative
s_008um_00243_00378-1,False Negative
s_008um_00243_00379-1,False Negative
s_008um_00243_00454-1,False Negative
s_008um_00243_00455-1,False Negative
s_008um_00244_00378-1,False Negative
s_008um_00244_00454-1,False Negative
s_008um_00244_00455-1,False Negative
s_008um_00245_00454-1,False Negative
s_008um_00245_00455-1,False Negative
s_008um_00245_00456-1,False Negative
s_008um_00245_00726-1,False Negative
s_008um_00245_00727-1,False Negative
s_008um_00245_00728-1,False Negative
s_008um_00246_00405-1,False Negative
s_008um_00246_00406-1,False Negative
s_008um_00246_00407-1,False Negative
s_008um_00246_00454-1,False Negative
s_008um_00246_00455-1,False Negative
s_008um_00246_00456-1,False Negative
s_008um_00246_00457-1,False Negative
s_008um_00246_00458-1,False Negative
s_008um_00246_00459-1,False Negative
s_008um_00246_00460-1,False Negative
s_008um_00246_00461-1,False Negative
s_008um_00246_00725-1,False Negative
s_008um_00246_00726-1,False Negative
s_008um_00247_00419-1,False Negative
s_008um_00247_00455-1,False Negative
s_008um_00247_00456-1,False Negative
s_008um_00247_00457-1,False Negative
s_008um_00247_00458-1,False Negative
s_008um_00247_00459-1,False Negative
s_008um_00247_00460-1,False Negative
s_008um_00247_00724-1,False Negative
s_008um_00247_00754-1,False Negative
s_008um_00248_00333-1,False Negative
s_008um_00248_00334-1,False Negative
s_008um_00248_00418-1,False Negative
s_008um_00248_00419-1,False Negative
s_008um_00248_00424-1,False Negative
s_008um_00248_00456-1,False Negative
s_008um_00248_00457-1,False Negative
s_008um_00248_00458-1,False Negative
s_008um_00248_00752-1,False Negative
s_008um_00248_00753-1,False Negative
s_008um_00249_00418-1,False Negative
s_008um_00249_00419-1,False Negative
s_008um_00249_00424-1,False Negative
s_008um_00249_00744-1,False Negative
s_008um_00249_00745-1,False Negative
s_008um_00249_00746-1,False Negative
s_008um_00250_00418-1,False Negative
s_008um_00250_00419-1,False Negative
s_008um_00250_00424-1,False Negative
s_008um_00250_00739-1,False Negative
s_008um_00250_00740-1,False Negative
s_008um_00250_00744-1,False Negative
s_008um_00250_00745-1,False Negative
s_008um_00250_00746-1,False Negative
s_008um_00250_00747-1,False Negative
s_008um_00250_00748-1,False Negative
s_008um_00251_00419-1,False Negative
s_008um_00251_00424-1,False Negative
s_008um_00251_00448-1,False Negative
s_008um_00251_00449-1,False Negative
s_008um_00251_00602-1,False Negative
s_008um_00251_00741-1,False Negative
s_008um_00251_00748-1,False Negative
s_008um_00252_00447-1,False Negative
s_008um_00252_00748-1,False Negative
s_008um_00252_00749-1,False Negative
s_008um_00252_00777-1,False Negative
s_008um_00252_00778-1,False Negative
s_008um_00252_00779-1,False Negative
s_008um_00252_00780-1,False Negative
s_008um_00253_00447-1,False Negative
s_008um_00253_00748-1,False Negative
s_008um_00253_00749-1,False Negative
s_008um_00253_00750-1,False Negative
s_008um_00253_00782-1,False Negative
s_008um_00254_00447-1,False Negative
s_008um_00254_00655-1,False Negative
s_008um_00254_00656-1,False Negative
s_008um_00254_00657-1,False Negative
s_008um_00254_00748-1,False Negative
s_008um_00254_00749-1,False Negative
s_008um_00254_00750-1,False Negative
s_008um_00255_00476-1,False Negative
s_008um_00255_00655-1,False Negative
s_008um_00255_00656-1,False Negative
s_008um_00255_00657-1,False Negative
s_008um_00255_00745-1,False Negative
s_008um_00255_00746-1,False Negative
s_008um_00255_00747-1,False Negative
s_008um_00255_00748-1,False Negative
s_008um_00255_00749-1,False Negative
s_008um_00255_00750-1,False Negative
s_008um_00255_00751-1,False Negative
s_008um_00256_00355-1,False Negative
s_008um_00256_00364-1,False Negative
s_008um_00256_00447-1,False Negative
s_008um_00256_00655-1,False Negative
s_008um_00256_00656-1,False Negative
s_008um_00256_00657-1,False Negative
s_008um_00256_00748-1,False Negative
s_008um_00256_00749-1,False Negative
s_008um_00256_00750-1,False Negative
s_008um_00256_00751-1,False Negative
s_008um_00257_00355-1,False Negative
s_008um_00257_00364-1,False Negative
s_008um_00257_00655-1,False Negative
s_008um_00257_00656-1,False Negative
s_008um_00257_00657-1,False Negative
s_008um_00257_00749-1,False Negative
s_008um_00257_00750-1,False Negative
s_008um_00257_00751-1,False Negative
s_008um_00257_00773-1,False Negative
s_008um_00258_00355-1,False Negative
s_008um_00258_00655-1,False Negative
s_008um_00258_00656-1,False Negative
s_008um_00258_00657-1,False Negative
s_008um_00258_00750-1,False Negative
s_008um_00259_00655-1,False Negative
s_008um_00259_00656-1,False Negative
s_008um_00259_00657-1,False Negative
s_008um_00260_00479-1,False Negative
s_008um_00260_00480-1,False Negative
s_008um_00260_00656-1,False Negative
s_008um_00260_00657-1,False Negative
s_008um_00260_00777-1,False Negative
s_008um_00260_00778-1,False Negative
s_008um_00260_00779-1,False Negative
s_008um_00260_00781-1,False Negative
s_008um_00260_00782-1,False Negative
s_008um_00261_00441-1,False Negative
s_008um_00261_00478-1,False Negative
s_008um_00262_00478-1,False Negative
s_008um_00263_00478-1,False Negative
s_008um_00263_00734-1,False Negative
s_008um_00263_00735-1,False Negative
s_008um_00263_00736-1,False Negative
s_008um_00264_00477-1,False Negative
s_008um_00264_00478-1,False Negative
s_008um_00264_00727-1,False Negative
s_008um_00264_00737-1,False Negative
s_008um_00265_00329-1,False Negative
s_008um_00265_00478-1,False Negative
s_008um_00265_00641-1,False Negative
s_008um_00265_00642-1,False Negative
s_008um_00265_00643-1,False Negative
s_008um_00265_00656-1,False Negative
s_008um_00265_00727-1,False Negative
s_008um_00265_00728-1,False Negative
s_008um_00265_00729-1,False Negative
s_008um_00265_00730-1,False Negative
s_008um_00265_00731-1,False Negative
s_008um_00266_00478-1,False Negative
s_008um_00266_00641-1,False Negative
s_008um_00266_00727-1,False Negative
s_008um_00266_00728-1,False Negative
s_008um_00266_00729-1,False Negative
s_008um_00266_00730-1,False Negative
s_008um_00266_00746-1,False Negative
s_008um_00266_00747-1,False Negative
s_008um_00266_00748-1,False Negative
s_008um_00267_00197-1,False Negative
s_008um_00267_00198-1,False Negative
s_008um_00267_00478-1,False Negative
s_008um_00267_00574-1,False Negative
s_008um_00267_00575-1,False Negative
s_008um_00267_00728-1,False Negative
s_008um_00267_00729-1,False Negative
s_008um_00267_00730-1,False Negative
s_008um_00267_00788-1,False Negative
s_008um_00267_00789-1,False Negative
s_008um_00267_00790-1,False Negative
s_008um_00268_00584-1,False Negative
s_008um_00268_00585-1,False Negative
s_008um_00268_00586-1,False Negative
s_008um_00268_00587-1,False Negative
s_008um_00268_00729-1,False Negative
s_008um_00268_00730-1,False Negative
s_008um_00269_00583-1,False Negative
s_008um_00269_00584-1,False Negative
s_008um_00269_00585-1,False Negative
s_008um_00269_00586-1,False Negative
s_008um_00269_00587-1,False Negative
s_008um_00269_00661-1,False Negative
s_008um_00269_00662-1,False Negative
s_008um_00269_00730-1,False Negative
s_008um_00269_00731-1,False Negative
s_008um_00270_00194-1,False Negative
s_008um_00270_00582-1,False Negative
s_008um_00270_00583-1,False Negative
s_008um_00270_00584-1,False Negative
s_008um_00270_00585-1,False Negative
s_008um_00270_00586-1,False Negative
s_008um_00270_00587-1,False Negative
s_008um_00270_00731-1,False Negative
s_008um_00270_00732-1,False Negative
s_008um_00270_00733-1,False Negative
s_008um_00270_00734-1,False Negative
s_008um_00270_00793-1,False Negative
s_008um_00271_00194-1,False Negative
s_008um_00271_00362-1,False Negative
s_008um_00271_00363-1,False Negative
s_008um_00271_00582-1,False Negative
s_008um_00271_00583-1,False Negative
s_008um_00271_00584-1,False Negative
s_008um_00271_00585-1,False Negative
s_008um_00271_00586-1,False Negative
s_008um_00271_00587-1,False Negative
s_008um_00271_00741-1,False Negative
s_008um_00271_00742-1,False Negative
s_008um_00271_00743-1,False Negative
s_008um_00271_00775-1,False Negative
s_008um_00271_00793-1,False Negative
s_008um_00272_00193-1,False Negative
s_008um_00272_00194-1,False Negative
s_008um_00272_00362-1,False Negative
s_008um_00272_00363-1,False Negative
s_008um_00272_00744-1,False Negative
s_008um_00272_00792-1,False Negative
s_008um_00272_00793-1,False Negative
s_008um_00273_00193-1,False Negative
s_008um_00273_00194-1,False Negative
s_008um_00273_00362-1,False Negative
s_008um_00273_00363-1,False Negative
s_008um_00273_00368-1,False Negative
s_008um_00273_00476-1,False Negative
s_008um_00273_00477-1,False Negative
s_008um_00273_00478-1,False Negative
s_008um_00273_00744-1,False Negative
s_008um_00273_00791-1,False Negative
s_008um_00273_00792-1,False Negative
s_008um_00273_00793-1,False Negative
s_008um_00274_00193-1,False Negative
s_008um_00274_00194-1,False Negative
s_008um_00274_00195-1,False Negative
s_008um_00274_00196-1,False Negative
s_008um_00274_00205-1,False Negative
s_008um_00274_00206-1,False Negative
s_008um_00274_00333-1,False Negative
s_008um_00274_00340-1,False Negative
s_008um_00274_00362-1,False Negative
s_008um_00274_00363-1,False Negative
s_008um_00274_00475-1,False Negative
s_008um_00274_00476-1,False Negative
s_008um_00274_00479-1,False Negative
s_008um_00274_00587-1,False Negative
s_008um_00274_00588-1,False Negative
s_008um_00274_00745-1,False Negative
s_008um_00275_00194-1,False Negative
s_008um_00275_00195-1,False Negative
s_008um_00275_00196-1,False Negative
s_008um_00275_00334-1,False Negative
s_008um_00275_00335-1,False Negative
s_008um_00275_00339-1,False Negative
s_008um_00275_00362-1,False Negative
s_008um_00275_00363-1,False Negative
s_008um_00275_00474-1,False Negative
s_008um_00275_00475-1,False Negative
s_008um_00275_00476-1,False Negative
s_008um_00275_00586-1,False Negative
s_008um_00275_00587-1,False Negative
s_008um_00275_00588-1,False Negative
s_008um_00275_00745-1,False Negative
s_008um_00276_00194-1,False Negative
s_008um_00276_00195-1,False Negative
s_008um_00276_00335-1,False Negative
s_008um_00276_00336-1,False Negative
s_008um_00276_00337-1,False Negative
s_008um_00276_00338-1,False Negative
s_008um_00276_00474-1,False Negative
s_008um_00276_00475-1,False Negative
s_008um_00276_00476-1,False Negative
s_008um_00276_00586-1,False Negative
s_008um_00276_00587-1,False Negative
s_008um_00276_00588-1,False Negative
s_008um_00276_00744-1,False Negative
s_008um_00276_00745-1,False Negative
s_008um_00277_00479-1,False Negative
s_008um_00277_00582-1,False Negative
s_008um_00277_00586-1,False Negative
s_008um_00277_00587-1,False Negative
s_008um_00277_00588-1,False Negative
s_008um_00277_00598-1,False Negative
s_008um_00277_00599-1,False Negative
s_008um_00277_00600-1,False Negative
s_008um_00277_00744-1,False Negative
s_008um_00277_00745-1,False Negative
s_008um_00278_00212-1,False Negative
s_008um_00278_00498-1,False Negative
s_008um_00278_00499-1,False Negative
s_008um_00278_00500-1,False Negative
s_008um_00278_00581-1,False Negative
s_008um_00278_00586-1,False Negative
s_008um_00278_00587-1,False Negative
s_008um_00278_00588-1,False Negative
s_008um_00278_00597-1,False Negative
s_008um_00278_00598-1,False Negative
s_008um_00278_00599-1,False Negative
s_008um_00278_00600-1,False Negative
s_008um_00278_00743-1,False Negative
s_008um_00278_00744-1,False Negative
s_008um_00279_00497-1,False Negative
s_008um_00279_00498-1,False Negative
s_008um_00279_00499-1,False Negative
s_008um_00279_00500-1,False Negative
s_008um_00279_00596-1,False Negative
s_008um_00279_00597-1,False Negative
s_008um_00279_00598-1,False Negative
s_008um_00279_00599-1,False Negative
s_008um_00279_00600-1,False Negative
s_008um_00279_00737-1,False Negative
s_008um_00279_00742-1,False Negative
s_008um_00279_00743-1,False Negative
s_008um_00279_00744-1,False Negative
s_008um_00280_00498-1,False Negative
s_008um_00280_00499-1,False Negative
s_008um_00280_00596-1,False Negative
s_008um_00280_00597-1,False Negative
s_008um_00280_00598-1,False Negative
s_008um_00280_00599-1,False Negative
s_008um_00280_00737-1,False Negative
s_008um_00280_00738-1,False Negative
s_008um_00280_00739-1,False Negative
s_008um_00280_00740-1,False Negative
s_008um_00280_00741-1,False Negative
s_008um_00280_00742-1,False Negative
s_008um_00280_00743-1,False Negative
s_008um_00281_00383-1,False Negative
s_008um_00281_00596-1,False Negative
s_008um_00281_00597-1,False Negative
s_008um_00281_00598-1,False Negative
s_008um_00281_00738-1,False Negative
s_008um_00281_00739-1,False Negative
s_008um_00281_00740-1,False Negative
s_008um_00281_00741-1,False Negative
s_008um_00281_00742-1,False Negative
s_008um_00281_00743-1,False Negative
s_008um_00282_00383-1,False Negative
s_008um_00282_00739-1,False Negative
s_008um_00282_00740-1,False Negative
s_008um_00282_00741-1,False Negative
s_008um_00282_00742-1,False Negative
s_008um_00282_00790-1,False Negative
s_008um_00283_00560-1,False Negative
s_008um_00283_00561-1,False Negative
s_008um_00283_00674-1,False Negative
s_008um_00283_00675-1,False Negative
s_008um_00283_00676-1,False Negative
s_008um_00283_00677-1,False Negative
s_008um_00283_00678-1,False Negative
s_008um_00283_00777-1,False Negative
s_008um_00283_00785-1,False Negative
s_008um_00283_00786-1,False Negative
s_008um_00283_00787-1,False Negative
s_008um_00283_00788-1,False Negative
s_008um_00283_00789-1,False Negative
s_008um_00283_00790-1,False Negative
s_008um_00283_00791-1,False Negative
s_008um_00283_00792-1,False Negative
s_008um_00284_00512-1,False Negative
s_008um_00284_00513-1,False Negative
s_008um_00284_00559-1,False Negative
s_008um_00284_00560-1,False Negative
s_008um_00284_00561-1,False Negative
s_008um_00284_00562-1,False Negative
s_008um_00284_00673-1,False Negative
s_008um_00284_00776-1,False Negative
s_008um_00284_00780-1,False Negative
s_008um_00284_00785-1,False Negative
s_008um_00284_00786-1,False Negative
s_008um_00284_00787-1,False Negative
s_008um_00284_00788-1,False Negative
s_008um_00284_00789-1,False Negative
s_008um_00284_00790-1,False Negative
s_008um_00284_00791-1,False Negative
s_008um_00284_00792-1,False Negative
s_008um_00284_00793-1,False Negative
s_008um_00285_00558-1,False Negative
s_008um_00285_00559-1,False Negative
s_008um_00285_00560-1,False Negative
s_008um_00285_00561-1,False Negative
s_008um_00285_00562-1,False Negative
s_008um_00285_00672-1,False Negative
s_008um_00285_00785-1,False Negative
s_008um_00285_00786-1,False Negative
s_008um_00285_00787-1,False Negative
s_008um_00285_00788-1,False Negative
s_008um_00285_00789-1,False Negative
s_008um_00285_00790-1,False Negative
s_008um_00285_00791-1,False Negative
s_008um_00285_00792-1,False Negative
s_008um_00286_00558-1,False Negative
s_008um_00286_00559-1,False Negative
s_008um_00286_00560-1,False Negative
s_008um_00286_00561-1,False Negative
s_008um_00286_00562-1,False Negative
s_008um_00286_00672-1,False Negative
s_008um_00286_00682-1,False Negative
s_008um_00286_00683-1,False Negative
s_008um_00286_00684-1,False Negative
s_008um_00286_00786-1,False Negative
s_008um_00286_00787-1,False Negative
s_008um_00286_00788-1,False Negative
s_008um_00286_00789-1,False Negative
s_008um_00287_00440-1,False Negative
s_008um_00287_00441-1,False Negative
s_008um_00287_00442-1,False Negative
s_008um_00287_00492-1,False Negative
s_008um_00287_00559-1,False Negative
s_008um_00287_00560-1,False Negative
s_008um_00287_00561-1,False Negative
s_008um_00287_00672-1,False Negative
s_008um_00287_00753-1,False Negative
s_008um_00288_00439-1,False Negative
s_008um_00288_00515-1,False Negative
s_008um_00288_00672-1,False Negative
s_008um_00288_00750-1,False Negative
s_008um_00288_00751-1,False Negative
s_008um_00288_00752-1,False Negative
s_008um_00289_00205-1,False Negative
s_008um_00289_00206-1,False Negative
s_008um_00289_00207-1,False Negative
s_008um_00289_00438-1,False Negative
s_008um_00289_00515-1,False Negative
s_008um_00289_00672-1,False Negative
s_008um_00290_00205-1,False Negative
s_008um_00290_00206-1,False Negative
s_008um_00290_00207-1,False Negative
s_008um_00290_00208-1,False Negative
s_008um_00290_00232-1,False Negative
s_008um_00290_00233-1,False Negative
s_008um_00290_00437-1,False Negative
s_008um_00290_00438-1,False Negative
s_008um_00290_00672-1,False Negative
s_008um_00290_00673-1,False Negative
s_008um_00290_00766-1,False Negative
s_008um_00290_00767-1,False Negative
s_008um_00290_00768-1,False Negative
s_008um_00291_00205-1,False Negative
s_008um_00291_00206-1,False Negative
s_008um_00291_00207-1,False Negative
s_008um_00291_00208-1,False Negative
s_008um_00291_00209-1,False Negative
s_008um_00291_00233-1,False Negative
s_008um_00291_00438-1,False Negative
s_008um_00291_00673-1,False Negative
s_008um_00291_00674-1,False Negative
s_008um_00291_00675-1,False Negative
s_008um_00291_00676-1,False Negative
s_008um_00291_00763-1,False Negative
s_008um_00292_00206-1,False Negative
s_008um_00292_00207-1,False Negative
s_008um_00292_00208-1,False Negative
s_008um_00292_00209-1,False Negative
s_008um_00292_00558-1,False Negative
s_008um_00292_00559-1,False Negative
s_008um_00292_00560-1,False Negative
s_008um_00292_00762-1,False Negative
s_008um_00292_00763-1,False Negative
s_008um_00293_00558-1,False Negative
s_008um_00293_00559-1,False Negative
s_008um_00293_00560-1,False Negative
s_008um_00293_00561-1,False Negative
s_008um_00293_00732-1,False Negative
s_008um_00293_00733-1,False Negative
s_008um_00293_00762-1,False Negative
s_008um_00293_00763-1,False Negative
s_008um_00293_00771-1,False Negative
s_008um_00293_00795-1,False Negative
s_008um_00293_00796-1,False Negative
s_008um_00293_00797-1,False Negative
s_008um_00294_00525-1,False Negative
s_008um_00294_00558-1,False Negative
s_008um_00294_00559-1,False Negative
s_008um_00294_00560-1,False Negative
s_008um_00294_00561-1,False Negative
s_008um_00294_00562-1,False Negative
s_008um_00294_00667-1,False Negative
s_008um_00294_00668-1,False Negative
s_008um_00294_00669-1,False Negative
s_008um_00294_00732-1,False Negative
s_008um_00294_00733-1,False Negative
s_008um_00294_00734-1,False Negative
s_008um_00294_00762-1,False Negative
s_008um_00294_00763-1,False Negative
s_008um_00294_00771-1,False Negative
s_008um_00294_00794-1,False Negative
s_008um_00294_00795-1,False Negative
s_008um_00294_00796-1,False Negative
s_008um_00294_00797-1,False Negative
s_008um_00295_00229-1,False Negative
s_008um_00295_00230-1,False Negative
s_008um_00295_00231-1,False Negative
s_008um_00295_00505-1,False Negative
s_008um_00295_00510-1,False Negative
s_008um_00295_00511-1,False Negative
s_008um_00295_00519-1,False Negative
s_008um_00295_00526-1,False Negative
s_008um_00295_00556-1,False Negative
s_008um_00295_00605-1,False Negative
s_008um_00295_00606-1,False Negative
s_008um_00295_00607-1,False Negative
s_008um_00295_00608-1,False Negative
s_008um_00295_00609-1,False Negative
s_008um_00295_00610-1,False Negative
s_008um_00295_00632-1,False Negative
s_008um_00295_00633-1,False Negative
s_008um_00295_00634-1,False Negative
s_008um_00295_00635-1,False Negative
s_008um_00295_00636-1,False Negative
s_008um_00295_00761-1,False Negative
s_008um_00295_00762-1,False Negative
s_008um_00295_00790-1,False Negative
s_008um_00295_00791-1,False Negative
s_008um_00295_00801-1,False Negative
s_008um_00296_00505-1,False Negative
s_008um_00296_00510-1,False Negative
s_008um_00296_00605-1,False Negative
s_008um_00296_00606-1,False Negative
s_008um_00296_00607-1,False Negative
s_008um_00296_00608-1,False Negative
s_008um_00296_00609-1,False Negative
s_008um_00296_00610-1,False Negative
s_008um_00296_00632-1,False Negative
s_008um_00296_00633-1,False Negative
s_008um_00296_00634-1,False Negative
s_008um_00296_00635-1,False Negative
s_008um_00296_00636-1,False Negative
s_008um_00296_00761-1,False Negative
s_008um_00296_00762-1,False Negative
s_008um_00296_00790-1,False Negative
s_008um_00296_00791-1,False Negative
s_008um_00297_00346-1,False Negative
s_008um_00297_00347-1,False Negative
s_008um_00297_00348-1,False Negative
s_008um_00297_00510-1,False Negative
s_008um_00297_00633-1,False Negative
s_008um_00297_00634-1,False Negative
s_008um_00297_00635-1,False Negative
s_008um_00297_00724-1,False Negative
s_008um_00297_00725-1,False Negative
s_008um_00297_00761-1,False Negative
s_008um_00297_00790-1,False Negative
s_008um_00297_00791-1,False Negative
s_008um_00298_00510-1,False Negative
s_008um_00298_00723-1,False Negative
s_008um_00298_00724-1,False Negative
s_008um_00298_00725-1,False Negative
s_008um_00298_00790-1,False Negative
s_008um_00298_00791-1,False Negative
s_008um_00299_00510-1,False Negative
s_008um_00299_00723-1,False Negative
s_008um_00299_00724-1,False Negative
s_008um_00299_00725-1,False Negative
s_008um_00299_00790-1,False Negative
s_008um_00299_00791-1,False Negative
s_008um_00300_00622-1,False Negative
s_008um_00300_00623-1,False Negative
s_008um_00300_00624-1,False Negative
s_008um_00300_00625-1,False Negative
s_008um_00300_00724-1,False Negative
s_008um_00300_00790-1,False Negative
s_008um_00300_00791-1,False Negative
s_008um_00301_00512-1,False Negative
s_008um_00301_00787-1,False Negative
s_008um_00301_00788-1,False Negative
s_008um_00301_00789-1,False Negative
s_008um_00301_00791-1,False Negative
s_008um_00302_00786-1,False Negative
s_008um_00302_00787-1,False Negative
s_008um_00302_00788-1,False Negative
s_008um_00302_00789-1,False Negative
s_008um_00302_00790-1,False Negative
s_008um_00302_00791-1,False Negative
s_008um_00302_00792-1,False Negative
s_008um_00302_00801-1,False Negative
s_008um_00303_00787-1,False Negative
s_008um_00303_00788-1,False Negative
s_008um_00303_00789-1,False Negative
s_008um_00303_00790-1,False Negative
s_008um_00303_00791-1,False Negative
s_008um_00303_00792-1,False Negative
s_008um_00303_00793-1,False Negative
s_008um_00303_00794-1,False Negative
s_008um_00303_00795-1,False Negative
s_008um_00303_00796-1,False Negative
s_008um_00303_00797-1,False Negative
s_008um_00303_00798-1,False Negative
s_008um_00303_00799-1,False Negative
s_008um_00303_00800-1,False Negative
s_008um_00304_00618-1,False Negative
s_008um_00304_00619-1,False Negative
s_008um_00304_00732-1,False Negative
s_008um_00304_00733-1,False Negative
s_008um_00304_00734-1,False Negative
s_008um_00304_00788-1,False Negative
s_008um_00304_00789-1,False Negative
s_008um_00304_00790-1,False Negative
s_008um_00304_00791-1,False Negative
s_008um_00304_00792-1,False Negative
s_008um_00304_00793-1,False Negative
s_008um_00304_00794-1,False Negative
s_008um_00304_00795-1,False Negative
s_008um_00304_00796-1,False Negative
s_008um_00304_00797-1,False Negative
s_008um_00304_00798-1,False Negative
s_008um_00304_00799-1,False Negative
s_008um_00305_00617-1,False Negative
s_008um_00305_00618-1,False Negative
s_008um_00305_00619-1,False Negative
s_008um_00305_00732-1,False Negative
s_008um_00305_00733-1,False Negative
s_008um_00305_00734-1,False Negative
s_008um_00305_00790-1,False Negative
s_008um_00305_00791-1,False Negative
s_008um_00305_00792-1,False Negative
s_008um_00305_00793-1,False Negative
s_008um_00305_00794-1,False Negative
s_008um_00305_00795-1,False Negative
s_008um_00305_00796-1,False Negative
s_008um_00306_00617-1,False Negative
s_008um_00306_00618-1,False Negative
s_008um_00306_00619-1,False Negative
s_008um_00306_00620-1,False Negative
s_008um_00306_00732-1,False Negative
s_008um_00306_00733-1,False Negative
s_008um_00306_00734-1,False Negative
s_008um_00306_00735-1,False Negative
s_008um_00306_00739-1,False Negative
s_008um_00307_00475-1,False Negative
s_008um_00307_00476-1,False Negative
s_008um_00307_00480-1,False Negative
s_008um_00307_00618-1,False Negative
s_008um_00307_00619-1,False Negative
s_008um_00307_00620-1,False Negative
s_008um_00307_00732-1,False Negative
s_008um_00307_00733-1,False Negative
s_008um_00307_00734-1,False Negative
s_008um_00307_00735-1,False Negative
s_008um_00307_00758-1,False Negative
s_008um_00307_00759-1,False Negative
s_008um_00308_00475-1,False Negative
s_008um_00308_00476-1,False Negative
s_008um_00308_00480-1,False Negative
s_008um_00308_00618-1,False Negative
s_008um_00308_00619-1,False Negative
s_008um_00308_00620-1,False Negative
s_008um_00308_00733-1,False Negative
s_008um_00308_00734-1,False Negative
s_008um_00308_00735-1,False Negative
s_008um_00308_00757-1,False Negative
s_008um_00308_00758-1,False Negative
s_008um_00309_00475-1,False Negative
s_008um_00309_00476-1,False Negative
s_008um_00309_00710-1,False Negative
s_008um_00309_00734-1,False Negative
s_008um_00309_00735-1,False Negative
s_008um_00309_00757-1,False Negative
s_008um_00310_00475-1,False Negative
s_008um_00310_00476-1,False Negative
s_008um_00310_00710-1,False Negative
s_008um_00310_00757-1,False Negative
s_008um_00310_00787-1,False Negative
s_008um_00310_00788-1,False Negative
s_008um_00311_00625-1,False Negative
s_008um_00311_00709-1,False Negative
s_008um_00311_00710-1,False Negative
s_008um_00311_00786-1,False Negative
s_008um_00311_00787-1,False Negative
s_008um_00312_00253-1,False Negative
s_008um_00312_00254-1,False Negative
s_008um_00312_00439-1,False Negative
s_008um_00312_00707-1,False Negative
s_008um_00312_00708-1,False Negative
s_008um_00312_00709-1,False Negative
s_008um_00312_00779-1,False Negative
s_008um_00312_00780-1,False Negative
s_008um_00312_00786-1,False Negative
s_008um_00312_00787-1,False Negative
s_008um_00313_00252-1,False Negative
s_008um_00313_00253-1,False Negative
s_008um_00313_00254-1,False Negative
s_008um_00313_00255-1,False Negative
s_008um_00313_00256-1,False Negative
s_008um_00313_00341-1,False Negative
s_008um_00313_00342-1,False Negative
s_008um_00313_00343-1,False Negative
s_008um_00313_00704-1,False Negative
s_008um_00313_00705-1,False Negative
s_008um_00313_00786-1,False Negative
s_008um_00313_00787-1,False Negative
s_008um_00314_00251-1,False Negative
s_008um_00314_00252-1,False Negative
s_008um_00314_00253-1,False Negative
s_008um_00314_00254-1,False Negative
s_008um_00314_00255-1,False Negative
s_008um_00314_00256-1,False Negative
s_008um_00314_00341-1,False Negative
s_008um_00314_00342-1,False Negative
s_008um_00314_00343-1,False Negative
s_008um_00314_00344-1,False Negative
s_008um_00314_00756-1,False Negative
s_008um_00314_00757-1,False Negative
s_008um_00314_00786-1,False Negative
s_008um_00314_00787-1,False Negative
s_008um_00315_00250-1,False Negative
s_008um_00315_00251-1,False Negative
s_008um_00315_00252-1,False Negative
s_008um_00315_00253-1,False Negative
s_008um_00315_00254-1,False Negative
s_008um_00315_00255-1,False Negative
s_008um_00315_00256-1,False Negative
s_008um_00315_00341-1,False Negative
s_008um_00315_00342-1,False Negative
s_008um_00315_00343-1,False Negative
s_008um_00315_00344-1,False Negative
s_008um_00315_00676-1,False Negative
s_008um_00315_00677-1,False Negative
s_008um_00315_00678-1,False Negative
s_008um_00315_00755-1,False Negative
s_008um_00315_00756-1,False Negative
s_008um_00315_00757-1,False Negative
s_008um_00316_00250-1,False Negative
s_008um_00316_00253-1,False Negative
s_008um_00316_00254-1,False Negative
s_008um_00316_00255-1,False Negative
s_008um_00316_00341-1,False Negative
s_008um_00316_00342-1,False Negative
s_008um_00316_00343-1,False Negative
s_008um_00316_00344-1,False Negative
s_008um_00316_00588-1,False Negative
s_008um_00316_00676-1,False Negative
s_008um_00316_00677-1,False Negative
s_008um_00316_00678-1,False Negative
s_008um_00316_00755-1,False Negative
s_008um_00316_00756-1,False Negative
s_008um_00316_00757-1,False Negative
s_008um_00317_00342-1,False Negative
s_008um_00317_00343-1,False Negative
s_008um_00317_00655-1,False Negative
s_008um_00317_00676-1,False Negative
s_008um_00317_00677-1,False Negative
s_008um_00317_00678-1,False Negative
s_008um_00317_00755-1,False Negative
s_008um_00317_00756-1,False Negative
s_008um_00317_00757-1,False Negative
s_008um_00318_00638-1,False Negative
s_008um_00318_00639-1,False Negative
s_008um_00318_00640-1,False Negative
s_008um_00318_00654-1,False Negative
s_008um_00318_00668-1,False Negative
s_008um_00318_00669-1,False Negative
s_008um_00318_00677-1,False Negative
s_008um_00318_00678-1,False Negative
s_008um_00318_00755-1,False Negative
s_008um_00318_00756-1,False Negative
s_008um_00318_00757-1,False Negative
s_008um_00318_00776-1,False Negative
s_008um_00318_00807-1,False Negative
s_008um_00319_00637-1,False Negative
s_008um_00319_00638-1,False Negative
s_008um_00319_00653-1,False Negative
s_008um_00319_00668-1,False Negative
s_008um_00319_00669-1,False Negative
s_008um_00319_00670-1,False Negative
s_008um_00319_00674-1,False Negative
s_008um_00319_00675-1,False Negative
s_008um_00319_00676-1,False Negative
s_008um_00319_00677-1,False Negative
s_008um_00319_00776-1,False Negative
s_008um_00319_00807-1,False Negative
s_008um_00320_00637-1,False Negative
s_008um_00320_00652-1,False Negative
s_008um_00320_00668-1,False Negative
s_008um_00320_00669-1,False Negative
s_008um_00320_00670-1,False Negative
s_008um_00320_00673-1,False Negative
s_008um_00320_00674-1,False Negative
s_008um_00320_00675-1,False Negative
s_008um_00320_00676-1,False Negative
s_008um_00320_00777-1,False Negative
s_008um_00320_00806-1,False Negative
s_008um_00320_00807-1,False Negative
s_008um_00321_00636-1,False Negative
s_008um_00321_00637-1,False Negative
s_008um_00321_00652-1,False Negative
s_008um_00321_00673-1,False Negative
s_008um_00321_00674-1,False Negative
s_008um_00321_00675-1,False Negative
s_008um_00321_00676-1,False Negative
s_008um_00321_00804-1,False Negative
s_008um_00321_00805-1,False Negative
s_008um_00321_00806-1,False Negative
s_008um_00321_00807-1,False Negative
s_008um_00322_00268-1,False Negative
s_008um_00322_00476-1,False Negative
s_008um_00322_00477-1,False Negative
s_008um_00322_00478-1,False Negative
s_008um_00322_00636-1,False Negative
s_008um_00322_00637-1,False Negative
s_008um_00322_00673-1,False Negative
s_008um_00322_00674-1,False Negative
s_008um_00322_00675-1,False Negative
s_008um_00323_00267-1,False Negative
s_008um_00323_00268-1,False Negative
s_008um_00323_00269-1,False Negative
s_008um_00323_00300-1,False Negative
s_008um_00323_00301-1,False Negative
s_008um_00323_00637-1,False Negative
s_008um_00324_00236-1,False Negative
s_008um_00324_00266-1,False Negative
s_008um_00324_00267-1,False Negative
s_008um_00324_00268-1,False Negative
s_008um_00324_00269-1,False Negative
s_008um_00324_00270-1,False Negative
s_008um_00324_00299-1,False Negative
s_008um_00324_00300-1,False Negative
s_008um_00324_00301-1,False Negative
s_008um_00324_00302-1,False Negative
s_008um_00324_00389-1,False Negative
s_008um_00324_00390-1,False Negative
s_008um_00324_00637-1,False Negative
s_008um_00325_00242-1,False Negative
s_008um_00325_00249-1,False Negative
s_008um_00325_00250-1,False Negative
s_008um_00325_00267-1,False Negative
s_008um_00325_00268-1,False Negative
s_008um_00325_00269-1,False Negative
s_008um_00325_00270-1,False Negative
s_008um_00325_00299-1,False Negative
s_008um_00325_00300-1,False Negative
s_008um_00325_00301-1,False Negative
s_008um_00325_00302-1,False Negative
s_008um_00325_00303-1,False Negative
s_008um_00325_00385-1,False Negative
s_008um_00325_00388-1,False Negative
s_008um_00325_00389-1,False Negative
s_008um_00325_00390-1,False Negative
s_008um_00325_00391-1,False Negative
s_008um_00325_00392-1,False Negative
s_008um_00325_00393-1,False Negative
s_008um_00325_00453-1,False Negative
s_008um_00325_00454-1,False Negative
s_008um_00325_00455-1,False Negative
s_008um_00326_00242-1,False Negative
s_008um_00326_00248-1,False Negative
s_008um_00326_00249-1,False Negative
s_008um_00326_00250-1,False Negative
s_008um_00326_00268-1,False Negative
s_008um_00326_00269-1,False Negative
s_008um_00326_00295-1,False Negative
s_008um_00326_00300-1,False Negative
s_008um_00326_00301-1,False Negative
s_008um_00326_00302-1,False Negative
s_008um_00326_00303-1,False Negative
s_008um_00326_00389-1,False Negative
s_008um_00326_00390-1,False Negative
s_008um_00326_00391-1,False Negative
s_008um_00326_00392-1,False Negative
s_008um_00326_00393-1,False Negative
s_008um_00326_00394-1,False Negative
s_008um_00326_00452-1,False Negative
s_008um_00326_00453-1,False Negative
s_008um_00326_00454-1,False Negative
s_008um_00326_00455-1,False Negative
s_008um_00326_00456-1,False Negative
s_008um_00326_00582-1,False Negative
s_008um_00326_00583-1,False Negative
s_008um_00326_00584-1,False Negative
s_008um_00326_00802-1,False Negative
s_008um_00327_00242-1,False Negative
s_008um_00327_00249-1,False Negative
s_008um_00327_00250-1,False Negative
s_008um_00327_00300-1,False Negative
s_008um_00327_00301-1,False Negative
s_008um_00327_00302-1,False Negative
s_008um_00327_00303-1,False Negative
s_008um_00327_00389-1,False Negative
s_008um_00327_00390-1,False Negative
s_008um_00327_00391-1,False Negative
s_008um_00327_00392-1,False Negative
s_008um_00327_00393-1,False Negative
s_008um_00327_00394-1,False Negative
s_008um_00327_00452-1,False Negative
s_008um_00327_00453-1,False Negative
s_008um_00327_00454-1,False Negative
s_008um_00327_00455-1,False Negative
s_008um_00327_00456-1,False Negative
s_008um_00327_00582-1,False Negative
s_008um_00327_00583-1,False Negative
s_008um_00327_00584-1,False Negative
s_008um_00327_00585-1,False Negative
s_008um_00327_00802-1,False Negative
s_008um_00327_00803-1,False Negative
s_008um_00328_00241-1,False Negative
s_008um_00328_00250-1,False Negative
s_008um_00328_00301-1,False Negative
s_008um_00328_00302-1,False Negative
s_008um_00328_00451-1,False Negative
s_008um_00328_00452-1,False Negative
s_008um_00328_00453-1,False Negative
s_008um_00328_00454-1,False Negative
s_008um_00328_00455-1,False Negative
s_008um_00328_00456-1,False Negative
s_008um_00328_00581-1,False Negative
s_008um_00328_00582-1,False Negative
s_008um_00328_00583-1,False Negative
s_008um_00328_00584-1,False Negative
s_008um_00328_00585-1,False Negative
s_008um_00328_00662-1,False Negative
s_008um_00328_00802-1,False Negative
s_008um_00328_00803-1,False Negative
s_008um_00329_00451-1,False Negative
s_008um_00329_00452-1,False Negative
s_008um_00329_00453-1,False Negative
s_008um_00329_00454-1,False Negative
s_008um_00329_00455-1,False Negative
s_008um_00329_00456-1,False Negative
s_008um_00329_00457-1,False Negative
s_008um_00329_00581-1,False Negative
s_008um_00329_00582-1,False Negative
s_008um_00329_00583-1,False Negative
s_008um_00329_00584-1,False Negative
s_008um_00329_00585-1,False Negative
s_008um_00329_00662-1,False Negative
s_008um_00329_00802-1,False Negative
s_008um_00329_00803-1,False Negative
s_008um_00330_00451-1,False Negative
s_008um_00330_00452-1,False Negative
s_008um_00330_00453-1,False Negative
s_008um_00330_00454-1,False Negative
s_008um_00330_00455-1,False Negative
s_008um_00330_00456-1,False Negative
s_008um_00330_00457-1,False Negative
s_008um_00330_00582-1,False Negative
s_008um_00330_00583-1,False Negative
s_008um_00330_00584-1,False Negative
s_008um_00330_00585-1,False Negative
s_008um_00330_00802-1,False Negative
s_008um_00330_00803-1,False Negative
s_008um_00331_00452-1,False Negative
s_008um_00331_00453-1,False Negative
s_008um_00331_00454-1,False Negative
s_008um_00331_00455-1,False Negative
s_008um_00331_00583-1,False Negative
s_008um_00331_00584-1,False Negative
s_008um_00331_00708-1,False Negative
s_008um_00331_00754-1,False Negative
s_008um_00331_00802-1,False Negative
s_008um_00332_00297-1,False Negative
s_008um_00332_00708-1,False Negative
s_008um_00332_00709-1,False Negative
s_008um_00332_00711-1,False Negative
s_008um_00332_00712-1,False Negative
s_008um_00332_00800-1,False Negative
s_008um_00332_00801-1,False Negative
s_008um_00333_00797-1,False Negative
s_008um_00333_00798-1,False Negative
s_008um_00333_00799-1,False Negative
s_008um_00337_00251-1,False Negative
s_008um_00337_00252-1,False Negative
s_008um_00337_00253-1,False Negative
s_008um_00337_00779-1,False Negative
s_008um_00337_00780-1,False Negative
s_008um_00337_00787-1,False Negative
s_008um_00337_00788-1,False Negative
s_008um_00338_00249-1,False Negative
s_008um_00338_00250-1,False Negative
s_008um_00338_00251-1,False Negative
s_008um_00338_00252-1,False Negative
s_008um_00338_00253-1,False Negative
s_008um_00338_00254-1,False Negative
s_008um_00338_00778-1,False Negative
s_008um_00338_00779-1,False Negative
s_008um_00338_00780-1,False Negative
s_008um_00338_00803-1,False Negative
s_008um_00338_00804-1,False Negative
s_008um_00339_00248-1,False Negative
s_008um_00339_00249-1,False Negative
s_008um_00339_00250-1,False Negative
s_008um_00339_00251-1,False Negative
s_008um_00339_00252-1,False Negative
s_008um_00339_00253-1,False Negative
s_008um_00339_00778-1,False Negative
s_008um_00339_00779-1,False Negative
s_008um_00339_00780-1,False Negative
s_008um_00339_00804-1,False Negative
s_008um_00340_00247-1,False Negative
s_008um_00340_00248-1,False Negative
s_008um_00340_00249-1,False Negative
s_008um_00340_00250-1,False Negative
s_008um_00340_00251-1,False Negative
s_008um_00340_00252-1,False Negative
s_008um_00340_00570-1,False Negative
s_008um_00340_00571-1,False Negative
s_008um_00340_00572-1,False Negative
s_008um_00340_00573-1,False Negative
s_008um_00340_00574-1,False Negative
s_008um_00340_00698-1,False Negative
s_008um_00340_00779-1,False Negative
s_008um_00341_00569-1,False Negative
s_008um_00341_00570-1,False Negative
s_008um_00341_00571-1,False Negative
s_008um_00341_00572-1,False Negative
s_008um_00341_00573-1,False Negative
s_008um_00341_00574-1,False Negative
s_008um_00341_00695-1,False Negative
s_008um_00341_00697-1,False Negative
s_008um_00341_00698-1,False Negative
s_008um_00342_00569-1,False Negative
s_008um_00342_00570-1,False Negative
s_008um_00342_00571-1,False Negative
s_008um_00342_00572-1,False Negative
s_008um_00342_00573-1,False Negative
s_008um_00342_00574-1,False Negative
s_008um_00342_00575-1,False Negative
s_008um_00342_00695-1,False Negative
s_008um_00342_00696-1,False Negative
s_008um_00342_00697-1,False Negative
s_008um_00342_00728-1,False Negative
s_008um_00342_00729-1,False Negative
s_008um_00342_00730-1,False Negative
s_008um_00342_00783-1,False Negative
s_008um_00343_00570-1,False Negative
s_008um_00343_00571-1,False Negative
s_008um_00343_00572-1,False Negative
s_008um_00343_00573-1,False Negative
s_008um_00343_00574-1,False Negative
s_008um_00343_00575-1,False Negative
s_008um_00343_00728-1,False Negative
s_008um_00343_00729-1,False Negative
s_008um_00343_00730-1,False Negative
s_008um_00343_00731-1,False Negative
s_008um_00343_00783-1,False Negative
s_008um_00344_00729-1,False Negative
s_008um_00344_00730-1,False Negative
s_008um_00344_00731-1,False Negative
s_008um_00344_00783-1,False Negative
s_008um_00345_00348-1,False Negative
s_008um_00345_00669-1,False Negative
s_008um_00345_00670-1,False Negative
s_008um_00345_00730-1,False Negative
s_008um_00345_00731-1,False Negative
s_008um_00346_00669-1,False Negative
s_008um_00346_00670-1,False Negative
s_008um_00346_00671-1,False Negative
s_008um_00346_00703-1,False Negative
s_008um_00346_00731-1,False Negative
s_008um_00347_00669-1,False Negative
s_008um_00347_00670-1,False Negative
s_008um_00347_00671-1,False Negative
s_008um_00347_00672-1,False Negative
s_008um_00347_00777-1,False Negative
s_008um_00348_00345-1,False Negative
s_008um_00348_00570-1,False Negative
s_008um_00348_00669-1,False Negative
s_008um_00348_00670-1,False Negative
s_008um_00348_00671-1,False Negative
s_008um_00348_00672-1,False Negative
s_008um_00348_00701-1,False Negative
s_008um_00348_00780-1,False Negative
s_008um_00348_00781-1,False Negative
s_008um_00348_00782-1,False Negative
s_008um_00348_00783-1,False Negative
s_008um_00348_00784-1,False Negative
s_008um_00349_00345-1,False Negative
s_008um_00349_00461-1,False Negative
s_008um_00349_00462-1,False Negative
s_008um_00349_00463-1,False Negative
s_008um_00349_00670-1,False Negative
s_008um_00349_00671-1,False Negative
s_008um_00349_00672-1,False Negative
s_008um_00349_00701-1,False Negative
s_008um_00349_00769-1,False Negative
s_008um_00349_00770-1,False Negative
s_008um_00349_00771-1,False Negative
s_008um_00349_00780-1,False Negative
s_008um_00349_00781-1,False Negative
s_008um_00349_00782-1,False Negative
s_008um_00349_00783-1,False Negative
s_008um_00349_00784-1,False Negative
s_008um_00349_00785-1,False Negative
s_008um_00350_00253-1,False Negative
s_008um_00350_00254-1,False Negative
s_008um_00350_00255-1,False Negative
s_008um_00350_00345-1,False Negative
s_008um_00350_00346-1,False Negative
s_008um_00350_00366-1,False Negative
s_008um_00350_00367-1,False Negative
s_008um_00350_00460-1,False Negative
s_008um_00350_00461-1,False Negative
s_008um_00350_00462-1,False Negative
s_008um_00350_00463-1,False Negative
s_008um_00350_00464-1,False Negative
s_008um_00350_00701-1,False Negative
s_008um_00350_00769-1,False Negative
s_008um_00350_00770-1,False Negative
s_008um_00350_00771-1,False Negative
s_008um_00350_00772-1,False Negative
s_008um_00350_00781-1,False Negative
s_008um_00350_00782-1,False Negative
s_008um_00350_00783-1,False Negative
s_008um_00350_00784-1,False Negative
s_008um_00350_00785-1,False Negative
s_008um_00350_00786-1,False Negative
s_008um_00350_00797-1,False Negative
s_008um_00351_00252-1,False Negative
s_008um_00351_00253-1,False Negative
s_008um_00351_00346-1,False Negative
s_008um_00351_00354-1,False Negative
s_008um_00351_00355-1,False Negative
s_008um_00351_00363-1,False Negative
s_008um_00351_00703-1,False Negative
s_008um_00351_00704-1,False Negative
s_008um_00351_00705-1,False Negative
s_008um_00351_00769-1,False Negative
s_008um_00351_00770-1,False Negative
s_008um_00351_00771-1,False Negative
s_008um_00351_00772-1,False Negative
s_008um_00351_00773-1,False Negative
s_008um_00351_00783-1,False Negative
s_008um_00351_00784-1,False Negative
s_008um_00351_00785-1,False Negative
s_008um_00351_00786-1,False Negative
s_008um_00351_00793-1,False Negative
s_008um_00351_00794-1,False Negative
s_008um_00351_00795-1,False Negative
s_008um_00351_00796-1,False Negative
s_008um_00351_00797-1,False Negative
s_008um_00351_00798-1,False Negative
s_008um_00352_00251-1,False Negative
s_008um_00352_00252-1,False Negative
s_008um_00352_00346-1,False Negative
s_008um_00352_00354-1,False Negative
s_008um_00352_00355-1,False Negative
s_008um_00352_00362-1,False Negative
s_008um_00352_00363-1,False Negative
s_008um_00352_00670-1,False Negative
s_008um_00352_00769-1,False Negative
s_008um_00352_00770-1,False Negative
s_008um_00352_00771-1,False Negative
s_008um_00352_00772-1,False Negative
s_008um_00352_00773-1,False Negative
s_008um_00352_00784-1,False Negative
s_008um_00352_00785-1,False Negative
s_008um_00352_00793-1,False Negative
s_008um_00352_00794-1,False Negative
s_008um_00352_00795-1,False Negative
s_008um_00352_00796-1,False Negative
s_008um_00352_00797-1,False Negative
s_008um_00352_00798-1,False Negative
s_008um_00353_00251-1,False Negative
s_008um_00353_00252-1,False Negative
s_008um_00353_00354-1,False Negative
s_008um_00353_00361-1,False Negative
s_008um_00353_00362-1,False Negative
s_008um_00353_00363-1,False Negative
s_008um_00353_00668-1,False Negative
s_008um_00353_00669-1,False Negative
s_008um_00353_00670-1,False Negative
s_008um_00353_00671-1,False Negative
s_008um_00353_00794-1,False Negative
s_008um_00353_00795-1,False Negative
s_008um_00353_00796-1,False Negative
s_008um_00353_00797-1,False Negative
s_008um_00354_00361-1,False Negative
s_008um_00354_00362-1,False Negative
s_008um_00354_00363-1,False Negative
s_008um_00354_00591-1,False Negative
s_008um_00354_00592-1,False Negative
s_008um_00354_00593-1,False Negative
s_008um_00354_00594-1,False Negative
s_008um_00354_00668-1,False Negative
s_008um_00354_00669-1,False Negative
s_008um_00354_00670-1,False Negative
s_008um_00354_00671-1,False Negative
s_008um_00354_00672-1,False Negative
s_008um_00355_00361-1,False Negative
s_008um_00355_00362-1,False Negative
s_008um_00355_00363-1,False Negative
s_008um_00355_00592-1,False Negative
s_008um_00355_00593-1,False Negative
s_008um_00355_00594-1,False Negative
s_008um_00355_00595-1,False Negative
s_008um_00355_00644-1,False Negative
s_008um_00355_00645-1,False Negative
s_008um_00355_00646-1,False Negative
s_008um_00355_00668-1,False Negative
s_008um_00355_00669-1,False Negative
s_008um_00355_00670-1,False Negative
s_008um_00355_00671-1,False Negative
s_008um_00355_00672-1,False Negative
s_008um_00356_00362-1,False Negative
s_008um_00356_00363-1,False Negative
s_008um_00356_00461-1,False Negative
s_008um_00356_00462-1,False Negative
s_008um_00356_00592-1,False Negative
s_008um_00356_00593-1,False Negative
s_008um_00356_00594-1,False Negative
s_008um_00356_00595-1,False Negative
s_008um_00356_00644-1,False Negative
s_008um_00356_00645-1,False Negative
s_008um_00356_00646-1,False Negative
s_008um_00356_00647-1,False Negative
s_008um_00356_00669-1,False Negative
s_008um_00356_00670-1,False Negative
s_008um_00356_00671-1,False Negative
s_008um_00357_00249-1,False Negative
s_008um_00357_00250-1,False Negative
s_008um_00357_00251-1,False Negative
s_008um_00357_00252-1,False Negative
s_008um_00357_00253-1,False Negative
s_008um_00357_00362-1,False Negative
s_008um_00357_00363-1,False Negative
s_008um_00357_00592-1,False Negative
s_008um_00357_00593-1,False Negative
s_008um_00357_00594-1,False Negative
s_008um_00357_00595-1,False Negative
s_008um_00357_00644-1,False Negative
s_008um_00357_00645-1,False Negative
s_008um_00357_00646-1,False Negative
s_008um_00358_00251-1,False Negative
s_008um_00358_00363-1,False Negative
s_008um_00358_00455-1,False Negative
s_008um_00358_00456-1,False Negative
s_008um_00358_00630-1,False Negative
s_008um_00358_00645-1,False Negative
s_008um_00359_00455-1,False Negative
s_008um_00359_00630-1,False Negative
s_008um_00360_00459-1,False Negative
s_008um_00360_00460-1,False Negative
s_008um_00360_00630-1,False Negative
s_008um_00360_00768-1,False Negative
s_008um_00360_00769-1,False Negative
s_008um_00360_00770-1,False Negative
s_008um_00361_00629-1,False Negative
s_008um_00361_00630-1,False Negative
s_008um_00361_00636-1,False Negative
s_008um_00361_00637-1,False Negative
s_008um_00361_00645-1,False Negative
s_008um_00362_00627-1,False Negative
s_008um_00362_00628-1,False Negative
s_008um_00362_00629-1,False Negative
s_008um_00362_00636-1,False Negative
s_008um_00362_00637-1,False Negative
s_008um_00362_00644-1,False Negative
s_008um_00362_00645-1,False Negative
s_008um_00363_00329-1,False Negative
s_008um_00363_00330-1,False Negative
s_008um_00363_00331-1,False Negative
s_008um_00363_00644-1,False Negative
s_008um_00363_00645-1,False Negative
s_008um_00363_00809-1,False Negative
s_008um_00364_00328-1,False Negative
s_008um_00364_00329-1,False Negative
s_008um_00364_00330-1,False Negative
s_008um_00364_00331-1,False Negative
s_008um_00364_00332-1,False Negative
s_008um_00364_00644-1,False Negative
s_008um_00364_00645-1,False Negative
s_008um_00364_00809-1,False Negative
s_008um_00365_00328-1,False Negative
s_008um_00365_00329-1,False Negative
s_008um_00365_00330-1,False Negative
s_008um_00365_00332-1,False Negative
s_008um_00365_00685-1,False Negative
s_008um_00365_00728-1,False Negative
s_008um_00366_00587-1,False Negative
s_008um_00366_00588-1,False Negative
s_008um_00366_00684-1,False Negative
s_008um_00366_00727-1,False Negative
s_008um_00366_00728-1,False Negative
s_008um_00366_00729-1,False Negative
s_008um_00367_00725-1,False Negative
s_008um_00367_00726-1,False Negative
s_008um_00368_00725-1,False Negative
s_008um_00369_00725-1,False Negative
s_008um_00370_00726-1,False Negative
s_008um_00370_00775-1,False Negative
s_008um_00370_00776-1,False Negative
s_008um_00371_00614-1,False Negative
s_008um_00371_00775-1,False Negative
s_008um_00371_00776-1,False Negative
s_008um_00372_00583-1,False Negative
s_008um_00372_00584-1,False Negative
s_008um_00372_00613-1,False Negative
s_008um_00372_00614-1,False Negative
s_008um_00372_00775-1,False Negative
s_008um_00372_00776-1,False Negative
s_008um_00372_00792-1,False Negative
s_008um_00372_00793-1,False Negative
s_008um_00372_00807-1,False Negative
s_008um_00373_00776-1,False Negative
s_008um_00373_00788-1,False Negative
s_008um_00373_00789-1,False Negative
s_008um_00373_00790-1,False Negative
s_008um_00373_00791-1,False Negative
s_008um_00373_00792-1,False Negative
s_008um_00373_00793-1,False Negative
s_008um_00373_00794-1,False Negative
s_008um_00373_00795-1,False Negative
s_008um_00373_00796-1,False Negative
s_008um_00374_00477-1,False Negative
s_008um_00374_00787-1,False Negative
s_008um_00374_00788-1,False Negative
s_008um_00374_00789-1,False Negative
s_008um_00374_00790-1,False Negative
s_008um_00374_00791-1,False Negative
s_008um_00374_00792-1,False Negative
s_008um_00374_00793-1,False Negative
s_008um_00374_00794-1,False Negative
s_008um_00374_00795-1,False Negative
s_008um_00374_00796-1,False Negative
s_008um_00374_00797-1,False Negative
s_008um_00375_00475-1,False Negative
s_008um_00375_00476-1,False Negative
s_008um_00375_00477-1,False Negative
s_008um_00375_00787-1,False Negative
s_008um_00375_00794-1,False Negative
s_008um_00375_00795-1,False Negative
s_008um_00375_00796-1,False Negative
s_008um_00375_00797-1,False Negative
s_008um_00376_00474-1,False Negative
s_008um_00376_00475-1,False Negative
s_008um_00376_00476-1,False Negative
s_008um_00376_00477-1,False Negative
s_008um_00376_00613-1,False Negative
s_008um_00376_00721-1,False Negative
s_008um_00376_00722-1,False Negative
s_008um_00376_00723-1,False Negative
s_008um_00376_00795-1,False Negative
s_008um_00376_00796-1,False Negative
s_008um_00376_00797-1,False Negative
s_008um_00377_00175-1,False Negative
s_008um_00377_00176-1,False Negative
s_008um_00377_00177-1,False Negative
s_008um_00377_00474-1,False Negative
s_008um_00377_00475-1,False Negative
s_008um_00377_00476-1,False Negative
s_008um_00377_00477-1,False Negative
s_008um_00377_00478-1,False Negative
s_008um_00377_00612-1,False Negative
s_008um_00377_00613-1,False Negative
s_008um_00377_00614-1,False Negative
s_008um_00377_00795-1,False Negative
s_008um_00377_00796-1,False Negative
s_008um_00378_00474-1,False Negative
s_008um_00378_00475-1,False Negative
s_008um_00378_00476-1,False Negative
s_008um_00378_00477-1,False Negative
s_008um_00378_00478-1,False Negative
s_008um_00378_00614-1,False Negative
s_008um_00378_00795-1,False Negative
s_008um_00378_00803-1,False Negative
s_008um_00378_00804-1,False Negative
s_008um_00378_00805-1,False Negative
s_008um_00379_00399-1,False Negative
s_008um_00379_00474-1,False Negative
s_008um_00379_00475-1,False Negative
s_008um_00379_00476-1,False Negative
s_008um_00379_00477-1,False Negative
s_008um_00379_00478-1,False Negative
s_008um_00379_00803-1,False Negative
s_008um_00379_00804-1,False Negative
s_008um_00379_00805-1,False Negative
s_008um_00379_00806-1,False Negative
s_008um_00379_00807-1,False Negative
s_008um_00380_00474-1,False Negative
s_008um_00380_00475-1,False Negative
s_008um_00380_00476-1,False Negative
s_008um_00380_00477-1,False Negative
s_008um_00380_00478-1,False Negative
s_008um_00380_00720-1,False Negative
s_008um_00380_00721-1,False Negative
s_008um_00380_00722-1,False Negative
s_008um_00380_00723-1,False Negative
s_008um_00380_00803-1,False Negative
s_008um_00380_00804-1,False Negative
s_008um_00380_00805-1,False Negative
s_008um_00380_00806-1,False Negative
s_008um_00380_00807-1,False Negative
s_008um_00381_00474-1,False Negative
s_008um_00381_00475-1,False Negative
s_008um_00381_00476-1,False Negative
s_008um_00381_00477-1,False Negative
s_008um_00381_00478-1,False Negative
s_008um_00381_00620-1,False Negative
s_008um_00381_00621-1,False Negative
s_008um_00381_00756-1,False Negative
s_008um_00381_00757-1,False Negative
s_008um_00381_00758-1,False Negative
s_008um_00381_00803-1,False Negative
s_008um_00381_00804-1,False Negative
s_008um_00381_00805-1,False Negative
s_008um_00381_00806-1,False Negative
s_008um_00381_00807-1,False Negative
s_008um_00381_00808-1,False Negative
s_008um_00382_00475-1,False Negative
s_008um_00382_00622-1,False Negative
s_008um_00382_00755-1,False Negative
s_008um_00382_00756-1,False Negative
s_008um_00382_00757-1,False Negative
s_008um_00382_00758-1,False Negative
s_008um_00382_00759-1,False Negative
s_008um_00382_00804-1,False Negative
s_008um_00382_00805-1,False Negative
s_008um_00382_00806-1,False Negative
s_008um_00382_00807-1,False Negative
s_008um_00382_00808-1,False Negative
s_008um_00383_00399-1,False Negative
s_008um_00383_00755-1,False Negative
s_008um_00383_00756-1,False Negative
s_008um_00383_00757-1,False Negative
s_008um_00383_00758-1,False Negative
s_008um_00383_00759-1,False Negative
s_008um_00383_00804-1,False Negative
s_008um_00383_00805-1,False Negative
s_008um_00383_00806-1,False Negative
s_008um_00383_00807-1,False Negative
s_008um_00384_00210-1,False Negative
s_008um_00384_00211-1,False Negative
s_008um_00384_00212-1,False Negative
s_008um_00384_00474-1,False Negative
s_008um_00384_00475-1,False Negative
s_008um_00384_00476-1,False Negative
s_008um_00384_00755-1,False Negative
s_008um_00384_00756-1,False Negative
s_008um_00384_00757-1,False Negative
s_008um_00384_00758-1,False Negative
s_008um_00384_00759-1,False Negative
s_008um_00384_00805-1,False Negative
s_008um_00384_00806-1,False Negative
s_008um_00384_00807-1,False Negative
s_008um_00385_00208-1,False Negative
s_008um_00385_00209-1,False Negative
s_008um_00385_00210-1,False Negative
s_008um_00385_00211-1,False Negative
s_008um_00385_00212-1,False Negative
s_008um_00385_00213-1,False Negative
s_008um_00385_00214-1,False Negative
s_008um_00385_00474-1,False Negative
s_008um_00385_00475-1,False Negative
s_008um_00385_00476-1,False Negative
s_008um_00385_00756-1,False Negative
s_008um_00385_00757-1,False Negative
s_008um_00385_00779-1,False Negative
s_008um_00385_00805-1,False Negative
s_008um_00385_00806-1,False Negative
s_008um_00385_00807-1,False Negative
s_008um_00386_00206-1,False Negative
s_008um_00386_00207-1,False Negative
s_008um_00386_00212-1,False Negative
s_008um_00386_00213-1,False Negative
s_008um_00386_00214-1,False Negative
s_008um_00386_00474-1,False Negative
s_008um_00386_00475-1,False Negative
s_008um_00386_00476-1,False Negative
s_008um_00386_00721-1,False Negative
s_008um_00386_00778-1,False Negative
s_008um_00386_00779-1,False Negative
s_008um_00386_00780-1,False Negative
s_008um_00386_00781-1,False Negative
s_008um_00386_00806-1,False Negative
s_008um_00386_00807-1,False Negative
s_008um_00387_00171-1,False Negative
s_008um_00387_00172-1,False Negative
s_008um_00387_00206-1,False Negative
s_008um_00387_00214-1,False Negative
s_008um_00387_00215-1,False Negative
s_008um_00387_00474-1,False Negative
s_008um_00387_00475-1,False Negative
s_008um_00387_00476-1,False Negative
s_008um_00387_00726-1,False Negative
s_008um_00387_00727-1,False Negative
s_008um_00387_00728-1,False Negative
s_008um_00387_00777-1,False Negative
s_008um_00387_00778-1,False Negative
s_008um_00387_00779-1,False Negative
s_008um_00387_00780-1,False Negative
s_008um_00387_00781-1,False Negative
s_008um_00387_00782-1,False Negative
s_008um_00388_00170-1,False Negative
s_008um_00388_00171-1,False Negative
s_008um_00388_00172-1,False Negative
s_008um_00388_00173-1,False Negative
s_008um_00388_00214-1,False Negative
s_008um_00388_00215-1,False Negative
s_008um_00388_00474-1,False Negative
s_008um_00388_00475-1,False Negative
s_008um_00388_00476-1,False Negative
s_008um_00388_00724-1,False Negative
s_008um_00388_00725-1,False Negative
s_008um_00388_00726-1,False Negative
s_008um_00388_00727-1,False Negative
s_008um_00388_00728-1,False Negative
s_008um_00388_00729-1,False Negative
s_008um_00388_00778-1,False Negative
s_008um_00388_00779-1,False Negative
s_008um_00388_00780-1,False Negative
s_008um_00388_00781-1,False Negative
s_008um_00388_00785-1,False Negative
s_008um_00388_00786-1,False Negative
s_008um_00389_00170-1,False Negative
s_008um_00389_00171-1,False Negative
s_008um_00389_00172-1,False Negative
s_008um_00389_00173-1,False Negative
s_008um_00389_00214-1,False Negative
s_008um_00389_00215-1,False Negative
s_008um_00389_00475-1,False Negative
s_008um_00389_00476-1,False Negative
s_008um_00389_00618-1,False Negative
s_008um_00389_00722-1,False Negative
s_008um_00389_00723-1,False Negative
s_008um_00389_00729-1,False Negative
s_008um_00389_00730-1,False Negative
s_008um_00389_00778-1,False Negative
s_008um_00389_00779-1,False Negative
s_008um_00389_00780-1,False Negative
s_008um_00389_00784-1,False Negative
s_008um_00389_00785-1,False Negative
s_008um_00389_00786-1,False Negative
s_008um_00389_00802-1,False Negative
s_008um_00390_00170-1,False Negative
s_008um_00390_00171-1,False Negative
s_008um_00390_00172-1,False Negative
s_008um_00390_00214-1,False Negative
s_008um_00390_00215-1,False Negative
s_008um_00390_00617-1,False Negative
s_008um_00390_00618-1,False Negative
s_008um_00390_00619-1,False Negative
s_008um_00390_00677-1,False Negative
s_008um_00390_00730-1,False Negative
s_008um_00390_00756-1,False Negative
s_008um_00390_00757-1,False Negative
s_008um_00390_00783-1,False Negative
s_008um_00390_00784-1,False Negative
s_008um_00390_00785-1,False Negative
s_008um_00390_00786-1,False Negative
s_008um_00390_00787-1,False Negative
s_008um_00390_00801-1,False Negative
s_008um_00391_00171-1,False Negative
s_008um_00391_00213-1,False Negative
s_008um_00391_00214-1,False Negative
s_008um_00391_00215-1,False Negative
s_008um_00391_00617-1,False Negative
s_008um_00391_00618-1,False Negative
s_008um_00391_00619-1,False Negative
s_008um_00391_00620-1,False Negative
s_008um_00391_00634-1,False Negative
s_008um_00391_00670-1,False Negative
s_008um_00391_00677-1,False Negative
s_008um_00391_00754-1,False Negative
s_008um_00391_00755-1,False Negative
s_008um_00391_00756-1,False Negative
s_008um_00391_00757-1,False Negative
s_008um_00391_00783-1,False Negative
s_008um_00391_00784-1,False Negative
s_008um_00391_00785-1,False Negative
s_008um_00391_00786-1,False Negative
s_008um_00391_00787-1,False Negative
s_008um_00391_00799-1,False Negative
s_008um_00391_00800-1,False Negative
s_008um_00391_00801-1,False Negative
s_008um_00392_00212-1,False Negative
s_008um_00392_00213-1,False Negative
s_008um_00392_00214-1,False Negative
s_008um_00392_00215-1,False Negative
s_008um_00392_00617-1,False Negative
s_008um_00392_00618-1,False Negative
s_008um_00392_00619-1,False Negative
s_008um_00392_00620-1,False Negative
s_008um_00392_00670-1,False Negative
s_008um_00392_00753-1,False Negative
s_008um_00392_00754-1,False Negative
s_008um_00392_00755-1,False Negative
s_008um_00392_00756-1,False Negative
s_008um_00392_00757-1,False Negative
s_008um_00392_00784-1,False Negative
s_008um_00392_00785-1,False Negative
s_008um_00392_00786-1,False Negative
s_008um_00392_00787-1,False Negative
s_008um_00393_00212-1,False Negative
s_008um_00393_00213-1,False Negative
s_008um_00393_00617-1,False Negative
s_008um_00393_00618-1,False Negative
s_008um_00393_00619-1,False Negative
s_008um_00393_00626-1,False Negative
s_008um_00393_00627-1,False Negative
s_008um_00393_00670-1,False Negative
s_008um_00393_00680-1,False Negative
s_008um_00393_00681-1,False Negative
s_008um_00393_00682-1,False Negative
s_008um_00393_00736-1,False Negative
s_008um_00393_00753-1,False Negative
s_008um_00393_00754-1,False Negative
s_008um_00393_00755-1,False Negative
s_008um_00393_00756-1,False Negative
s_008um_00393_00757-1,False Negative
s_008um_00393_00786-1,False Negative
s_008um_00394_00625-1,False Negative
s_008um_00394_00626-1,False Negative
s_008um_00394_00627-1,False Negative
s_008um_00394_00671-1,False Negative
s_008um_00394_00676-1,False Negative
s_008um_00394_00735-1,False Negative
s_008um_00394_00736-1,False Negative
s_008um_00394_00737-1,False Negative
s_008um_00394_00748-1,False Negative
s_008um_00394_00749-1,False Negative
s_008um_00394_00754-1,False Negative
s_008um_00394_00755-1,False Negative
s_008um_00394_00756-1,False Negative
s_008um_00394_00757-1,False Negative
s_008um_00395_00228-1,False Negative
s_008um_00395_00229-1,False Negative
s_008um_00395_00230-1,False Negative
s_008um_00395_00588-1,False Negative
s_008um_00395_00625-1,False Negative
s_008um_00395_00626-1,False Negative
s_008um_00395_00627-1,False Negative
s_008um_00395_00628-1,False Negative
s_008um_00395_00671-1,False Negative
s_008um_00395_00672-1,False Negative
s_008um_00395_00673-1,False Negative
s_008um_00395_00674-1,False Negative
s_008um_00395_00675-1,False Negative
s_008um_00395_00734-1,False Negative
s_008um_00395_00735-1,False Negative
s_008um_00395_00736-1,False Negative
s_008um_00395_00737-1,False Negative
s_008um_00395_00747-1,False Negative
s_008um_00395_00748-1,False Negative
s_008um_00395_00749-1,False Negative
s_008um_00395_00750-1,False Negative
s_008um_00395_00754-1,False Negative
s_008um_00395_00755-1,False Negative
s_008um_00395_00756-1,False Negative
s_008um_00395_00757-1,False Negative
s_008um_00396_00226-1,False Negative
s_008um_00396_00227-1,False Negative
s_008um_00396_00228-1,False Negative
s_008um_00396_00229-1,False Negative
s_008um_00396_00230-1,False Negative
s_008um_00396_00231-1,False Negative
s_008um_00396_00232-1,False Negative
s_008um_00396_00588-1,False Negative
s_008um_00396_00625-1,False Negative
s_008um_00396_00626-1,False Negative
s_008um_00396_00627-1,False Negative
s_008um_00396_00628-1,False Negative
s_008um_00396_00734-1,False Negative
s_008um_00396_00735-1,False Negative
s_008um_00396_00736-1,False Negative
s_008um_00396_00737-1,False Negative
s_008um_00396_00747-1,False Negative
s_008um_00396_00748-1,False Negative
s_008um_00396_00749-1,False Negative
s_008um_00396_00750-1,False Negative
s_008um_00397_00225-1,False Negative
s_008um_00397_00230-1,False Negative
s_008um_00397_00231-1,False Negative
s_008um_00397_00232-1,False Negative
s_008um_00397_00312-1,False Negative
s_008um_00397_00313-1,False Negative
s_008um_00397_00314-1,False Negative
s_008um_00397_00315-1,False Negative
s_008um_00397_00463-1,False Negative
s_008um_00397_00464-1,False Negative
s_008um_00397_00588-1,False Negative
s_008um_00397_00625-1,False Negative
s_008um_00397_00626-1,False Negative
s_008um_00397_00627-1,False Negative
s_008um_00397_00628-1,False Negative
s_008um_00397_00735-1,False Negative
s_008um_00397_00736-1,False Negative
s_008um_00397_00737-1,False Negative
s_008um_00397_00748-1,False Negative
s_008um_00397_00749-1,False Negative
s_008um_00397_00750-1,False Negative
s_008um_00398_00231-1,False Negative
s_008um_00398_00232-1,False Negative
s_008um_00398_00312-1,False Negative
s_008um_00398_00313-1,False Negative
s_008um_00398_00314-1,False Negative
s_008um_00398_00315-1,False Negative
s_008um_00398_00316-1,False Negative
s_008um_00398_00394-1,False Negative
s_008um_00398_00395-1,False Negative
s_008um_00398_00463-1,False Negative
s_008um_00398_00464-1,False Negative
s_008um_00398_00465-1,False Negative
s_008um_00398_00588-1,False Negative
s_008um_00398_00626-1,False Negative
s_008um_00398_00627-1,False Negative
s_008um_00398_00628-1,False Negative
s_008um_00398_00656-1,False Negative
s_008um_00398_00749-1,False Negative
s_008um_00399_00194-1,False Negative
s_008um_00399_00232-1,False Negative
s_008um_00399_00312-1,False Negative
s_008um_00399_00313-1,False Negative
s_008um_00399_00314-1,False Negative
s_008um_00399_00315-1,False Negative
s_008um_00399_00316-1,False Negative
s_008um_00399_00462-1,False Negative
s_008um_00399_00463-1,False Negative
s_008um_00399_00464-1,False Negative
s_008um_00399_00465-1,False Negative
s_008um_00399_00635-1,False Negative
s_008um_00399_00636-1,False Negative
s_008um_00399_00637-1,False Negative
s_008um_00399_00655-1,False Negative
s_008um_00399_00656-1,False Negative
s_008um_00399_00672-1,False Negative
s_008um_00399_00673-1,False Negative
s_008um_00399_00674-1,False Negative
s_008um_00399_00675-1,False Negative
s_008um_00399_00766-1,False Negative
s_008um_00399_00767-1,False Negative
s_008um_00400_00195-1,False Negative
s_008um_00400_00232-1,False Negative
s_008um_00400_00313-1,False Negative
s_008um_00400_00314-1,False Negative
s_008um_00400_00315-1,False Negative
s_008um_00400_00462-1,False Negative
s_008um_00400_00463-1,False Negative
s_008um_00400_00464-1,False Negative
s_008um_00400_00465-1,False Negative
s_008um_00400_00633-1,False Negative
s_008um_00400_00634-1,False Negative
s_008um_00400_00635-1,False Negative
s_008um_00400_00636-1,False Negative
s_008um_00400_00637-1,False Negative
s_008um_00400_00638-1,False Negative
s_008um_00400_00639-1,False Negative
s_008um_00400_00671-1,False Negative
s_008um_00400_00672-1,False Negative
s_008um_00400_00747-1,False Negative
s_008um_00400_00766-1,False Negative
s_008um_00400_00767-1,False Negative
s_008um_00400_00768-1,False Negative
s_008um_00400_00769-1,False Negative
s_008um_00401_00195-1,False Negative
s_008um_00401_00196-1,False Negative
s_008um_00401_00232-1,False Negative
s_008um_00401_00458-1,False Negative
s_008um_00401_00462-1,False Negative
s_008um_00401_00463-1,False Negative
s_008um_00401_00464-1,False Negative
s_008um_00401_00465-1,False Negative
s_008um_00401_00671-1,False Negative
s_008um_00401_00700-1,False Negative
s_008um_00401_00701-1,False Negative
s_008um_00401_00740-1,False Negative
s_008um_00401_00766-1,False Negative
s_008um_00401_00767-1,False Negative
s_008um_00401_00768-1,False Negative
s_008um_00401_00769-1,False Negative
s_008um_00402_00195-1,False Negative
s_008um_00402_00196-1,False Negative
s_008um_00402_00231-1,False Negative
s_008um_00402_00462-1,False Negative
s_008um_00402_00463-1,False Negative
s_008um_00402_00464-1,False Negative
s_008um_00402_00465-1,False Negative
s_008um_00402_00621-1,False Negative
s_008um_00402_00622-1,False Negative
s_008um_00402_00671-1,False Negative
s_008um_00402_00694-1,False Negative
s_008um_00402_00695-1,False Negative
s_008um_00402_00698-1,False Negative
s_008um_00402_00699-1,False Negative
s_008um_00402_00700-1,False Negative
s_008um_00402_00701-1,False Negative
s_008um_00402_00734-1,False Negative
s_008um_00402_00735-1,False Negative
s_008um_00402_00736-1,False Negative
s_008um_00402_00739-1,False Negative
s_008um_00402_00767-1,False Negative
s_008um_00402_00768-1,False Negative
s_008um_00403_00195-1,False Negative
s_008um_00403_00196-1,False Negative
s_008um_00403_00197-1,False Negative
s_008um_00403_00694-1,False Negative
s_008um_00403_00695-1,False Negative
s_008um_00403_00696-1,False Negative
s_008um_00403_00697-1,False Negative
s_008um_00403_00698-1,False Negative
s_008um_00403_00699-1,False Negative
s_008um_00403_00700-1,False Negative
s_008um_00403_00701-1,False Negative
s_008um_00403_00734-1,False Negative
s_008um_00403_00735-1,False Negative
s_008um_00403_00736-1,False Negative
s_008um_00403_00757-1,False Negative
s_008um_00403_00800-1,False Negative
s_008um_00403_00801-1,False Negative
s_008um_00404_00195-1,False Negative
s_008um_00404_00196-1,False Negative
s_008um_00404_00197-1,False Negative
s_008um_00404_00691-1,False Negative
s_008um_00404_00694-1,False Negative
s_008um_00404_00695-1,False Negative
s_008um_00404_00696-1,False Negative
s_008um_00404_00697-1,False Negative
s_008um_00404_00698-1,False Negative
s_008um_00404_00699-1,False Negative
s_008um_00404_00700-1,False Negative
s_008um_00404_00701-1,False Negative
s_008um_00404_00734-1,False Negative
s_008um_00404_00735-1,False Negative
s_008um_00404_00736-1,False Negative
s_008um_00404_00754-1,False Negative
s_008um_00404_00755-1,False Negative
s_008um_00404_00756-1,False Negative
s_008um_00404_00757-1,False Negative
s_008um_00404_00800-1,False Negative
s_008um_00405_00195-1,False Negative
s_008um_00405_00196-1,False Negative
s_008um_00405_00197-1,False Negative
s_008um_00405_00250-1,False Negative
s_008um_00405_00694-1,False Negative
s_008um_00405_00695-1,False Negative
s_008um_00405_00696-1,False Negative
s_008um_00405_00697-1,False Negative
s_008um_00405_00698-1,False Negative
s_008um_00405_00699-1,False Negative
s_008um_00405_00700-1,False Negative
s_008um_00405_00701-1,False Negative
s_008um_00405_00734-1,False Negative
s_008um_00405_00735-1,False Negative
s_008um_00405_00754-1,False Negative
s_008um_00405_00755-1,False Negative
s_008um_00405_00756-1,False Negative
s_008um_00405_00757-1,False Negative
s_008um_00405_00765-1,False Negative
s_008um_00405_00766-1,False Negative
s_008um_00405_00767-1,False Negative
s_008um_00405_00768-1,False Negative
s_008um_00406_00194-1,False Negative
s_008um_00406_00195-1,False Negative
s_008um_00406_00196-1,False Negative
s_008um_00406_00197-1,False Negative
s_008um_00406_00249-1,False Negative
s_008um_00406_00250-1,False Negative
s_008um_00406_00642-1,False Negative
s_008um_00406_00694-1,False Negative
s_008um_00406_00695-1,False Negative
s_008um_00406_00696-1,False Negative
s_008um_00406_00697-1,False Negative
s_008um_00406_00698-1,False Negative
s_008um_00406_00699-1,False Negative
s_008um_00406_00700-1,False Negative
s_008um_00406_00701-1,False Negative
s_008um_00406_00708-1,False Negative
s_008um_00406_00709-1,False Negative
s_008um_00406_00757-1,False Negative
s_008um_00406_00765-1,False Negative
s_008um_00406_00766-1,False Negative
s_008um_00406_00767-1,False Negative
s_008um_00406_00768-1,False Negative
s_008um_00406_00769-1,False Negative
s_008um_00407_00194-1,False Negative
s_008um_00407_00195-1,False Negative
s_008um_00407_00196-1,False Negative
s_008um_00407_00197-1,False Negative
s_008um_00407_00249-1,False Negative
s_008um_00407_00250-1,False Negative
s_008um_00407_00633-1,False Negative
s_008um_00407_00641-1,False Negative
s_008um_00407_00642-1,False Negative
s_008um_00407_00695-1,False Negative
s_008um_00407_00696-1,False Negative
s_008um_00407_00697-1,False Negative
s_008um_00407_00698-1,False Negative
s_008um_00407_00699-1,False Negative
s_008um_00407_00700-1,False Negative
s_008um_00407_00701-1,False Negative
s_008um_00407_00708-1,False Negative
s_008um_00407_00709-1,False Negative
s_008um_00407_00765-1,False Negative
s_008um_00407_00766-1,False Negative
s_008um_00407_00767-1,False Negative
s_008um_00407_00768-1,False Negative
s_008um_00407_00769-1,False Negative
s_008um_00408_00195-1,False Negative
s_008um_00408_00196-1,False Negative
s_008um_00408_00197-1,False Negative
s_008um_00408_00198-1,False Negative
s_008um_00408_00251-1,False Negative
s_008um_00408_00252-1,False Negative
s_008um_00408_00253-1,False Negative
s_008um_00408_00632-1,False Negative
s_008um_00408_00633-1,False Negative
s_008um_00408_00634-1,False Negative
s_008um_00408_00699-1,False Negative
s_008um_00408_00700-1,False Negative
s_008um_00408_00701-1,False Negative
s_008um_00408_00702-1,False Negative
s_008um_00408_00703-1,False Negative
s_008um_00408_00704-1,False Negative
s_008um_00408_00765-1,False Negative
s_008um_00408_00778-1,False Negative
s_008um_00408_00779-1,False Negative
s_008um_00408_00780-1,False Negative
s_008um_00409_00195-1,False Negative
s_008um_00409_00196-1,False Negative
s_008um_00409_00197-1,False Negative
s_008um_00409_00251-1,False Negative
s_008um_00409_00252-1,False Negative
s_008um_00409_00253-1,False Negative
s_008um_00409_00254-1,False Negative
s_008um_00409_00633-1,False Negative
s_008um_00409_00634-1,False Negative
s_008um_00409_00699-1,False Negative
s_008um_00409_00700-1,False Negative
s_008um_00409_00701-1,False Negative
s_008um_00409_00702-1,False Negative
s_008um_00409_00703-1,False Negative
s_008um_00409_00704-1,False Negative
s_008um_00409_00765-1,False Negative
s_008um_00410_00195-1,False Negative
s_008um_00410_00196-1,False Negative
s_008um_00410_00197-1,False Negative
s_008um_00410_00251-1,False Negative
s_008um_00410_00252-1,False Negative
s_008um_00410_00253-1,False Negative
s_008um_00410_00254-1,False Negative
s_008um_00410_00563-1,False Negative
s_008um_00410_00567-1,False Negative
s_008um_00410_00633-1,False Negative
s_008um_00410_00634-1,False Negative
s_008um_00410_00688-1,False Negative
s_008um_00410_00689-1,False Negative
s_008um_00410_00690-1,False Negative
s_008um_00410_00699-1,False Negative
s_008um_00410_00700-1,False Negative
s_008um_00410_00701-1,False Negative
s_008um_00410_00702-1,False Negative
s_008um_00410_00703-1,False Negative
s_008um_00410_00704-1,False Negative
s_008um_00411_00251-1,False Negative
s_008um_00411_00252-1,False Negative
s_008um_00411_00253-1,False Negative
s_008um_00411_00254-1,False Negative
s_008um_00411_00568-1,False Negative
s_008um_00411_00634-1,False Negative
s_008um_00411_00687-1,False Negative
s_008um_00411_00688-1,False Negative
s_008um_00411_00689-1,False Negative
s_008um_00411_00690-1,False Negative
s_008um_00411_00699-1,False Negative
s_008um_00411_00700-1,False Negative
s_008um_00411_00701-1,False Negative
s_008um_00412_00569-1,False Negative
s_008um_00412_00687-1,False Negative
s_008um_00412_00688-1,False Negative
s_008um_00412_00689-1,False Negative
s_008um_00412_00690-1,False Negative
s_008um_00412_00700-1,False Negative
s_008um_00412_00701-1,False Negative
s_008um_00413_00569-1,False Negative
s_008um_00413_00687-1,False Negative
s_008um_00413_00688-1,False Negative
s_008um_00413_00689-1,False Negative
s_008um_00413_00690-1,False Negative
s_008um_00413_00696-1,False Negative
s_008um_00414_00569-1,False Negative
s_008um_00414_00634-1,False Negative
s_008um_00414_00635-1,False Negative
s_008um_00414_00636-1,False Negative
s_008um_00414_00637-1,False Negative
s_008um_00414_00687-1,False Negative
s_008um_00414_00688-1,False Negative
s_008um_00414_00689-1,False Negative
s_008um_00415_00569-1,False Negative
s_008um_00415_00634-1,False Negative
s_008um_00415_00635-1,False Negative
s_008um_00415_00636-1,False Negative
s_008um_00415_00637-1,False Negative
s_008um_00415_00638-1,False Negative
s_008um_00415_00640-1,False Negative
s_008um_00416_00634-1,False Negative
s_008um_00416_00635-1,False Negative
s_008um_00416_00636-1,False Negative
s_008um_00416_00637-1,False Negative
s_008um_00416_00638-1,False Negative
s_008um_00417_00636-1,False Negative
s_008um_00417_00637-1,False Negative
s_008um_00418_00257-1,False Negative
s_008um_00419_00462-1,False Negative
s_008um_00419_00641-1,False Negative
s_008um_00420_00461-1,False Negative
s_008um_00420_00462-1,False Negative
s_008um_00420_00463-1,False Negative
s_008um_00421_00461-1,False Negative
s_008um_00421_00462-1,False Negative
s_008um_00421_00463-1,False Negative
s_008um_00421_00572-1,False Negative
s_008um_00421_00573-1,False Negative
s_008um_00421_00574-1,False Negative
s_008um_00422_00192-1,False Negative
s_008um_00422_00193-1,False Negative
s_008um_00422_00194-1,False Negative
s_008um_00422_00461-1,False Negative
s_008um_00422_00462-1,False Negative
s_008um_00422_00463-1,False Negative
s_008um_00422_00572-1,False Negative
s_008um_00422_00634-1,False Negative
s_008um_00423_00191-1,False Negative
s_008um_00423_00192-1,False Negative
s_008um_00423_00193-1,False Negative
s_008um_00423_00194-1,False Negative
s_008um_00423_00195-1,False Negative
s_008um_00423_00461-1,False Negative
s_008um_00423_00462-1,False Negative
s_008um_00423_00463-1,False Negative
s_008um_00424_00191-1,False Negative
s_008um_00424_00192-1,False Negative
s_008um_00424_00193-1,False Negative
s_008um_00424_00194-1,False Negative
s_008um_00424_00195-1,False Negative
s_008um_00424_00462-1,False Negative
s_008um_00424_00472-1,False Negative
s_008um_00424_00473-1,False Negative
s_008um_00424_00474-1,False Negative
s_008um_00424_00671-1,False Negative
s_008um_00424_00672-1,False Negative
s_008um_00424_00673-1,False Negative
s_008um_00425_00192-1,False Negative
s_008um_00425_00193-1,False Negative
s_008um_00425_00194-1,False Negative
s_008um_00425_00195-1,False Negative
s_008um_00425_00471-1,False Negative
s_008um_00425_00472-1,False Negative
s_008um_00425_00473-1,False Negative
s_008um_00425_00474-1,False Negative
s_008um_00425_00475-1,False Negative
s_008um_00425_00671-1,False Negative
s_008um_00425_00672-1,False Negative
s_008um_00425_00673-1,False Negative
s_008um_00425_00674-1,False Negative
s_008um_00426_00192-1,False Negative
s_008um_00426_00193-1,False Negative
s_008um_00426_00194-1,False Negative
s_008um_00426_00471-1,False Negative
s_008um_00426_00472-1,False Negative
s_008um_00426_00473-1,False Negative
s_008um_00426_00474-1,False Negative
s_008um_00426_00475-1,False Negative
s_008um_00426_00476-1,False Negative
s_008um_00426_00671-1,False Negative
s_008um_00426_00672-1,False Negative
s_008um_00426_00673-1,False Negative
s_008um_00426_00674-1,False Negative
s_008um_00427_00470-1,False Negative
s_008um_00427_00473-1,False Negative
s_008um_00427_00474-1,False Negative
s_008um_00427_00475-1,False Negative
s_008um_00427_00476-1,False Negative
s_008um_00427_00672-1,False Negative
s_008um_00427_00673-1,False Negative
s_008um_00427_00786-1,False Negative
s_008um_00427_00787-1,False Negative
s_008um_00428_00475-1,False Negative
s_008um_00428_00476-1,False Negative
s_008um_00428_00683-1,False Negative
s_008um_00428_00684-1,False Negative
s_008um_00428_00767-1,False Negative
s_008um_00428_00768-1,False Negative
s_008um_00428_00769-1,False Negative
s_008um_00428_00785-1,False Negative
s_008um_00428_00786-1,False Negative
s_008um_00428_00787-1,False Negative
s_008um_00428_00788-1,False Negative
s_008um_00429_00475-1,False Negative
s_008um_00429_00476-1,False Negative
s_008um_00429_00682-1,False Negative
s_008um_00429_00683-1,False Negative
s_008um_00429_00684-1,False Negative
s_008um_00429_00766-1,False Negative
s_008um_00429_00767-1,False Negative
s_008um_00429_00768-1,False Negative
s_008um_00429_00769-1,False Negative
s_008um_00429_00770-1,False Negative
s_008um_00429_00785-1,False Negative
s_008um_00429_00786-1,False Negative
s_008um_00429_00787-1,False Negative
s_008um_00429_00788-1,False Negative
s_008um_00430_00475-1,False Negative
s_008um_00430_00476-1,False Negative
s_008um_00430_00681-1,False Negative
s_008um_00430_00682-1,False Negative
s_008um_00430_00683-1,False Negative
s_008um_00430_00702-1,False Negative
s_008um_00430_00754-1,False Negative
s_008um_00430_00755-1,False Negative
s_008um_00430_00756-1,False Negative
s_008um_00430_00766-1,False Negative
s_008um_00430_00767-1,False Negative
s_008um_00430_00768-1,False Negative
s_008um_00430_00769-1,False Negative
s_008um_00430_00770-1,False Negative
s_008um_00430_00786-1,False Negative
s_008um_00430_00787-1,False Negative
s_008um_00431_00681-1,False Negative
s_008um_00431_00682-1,False Negative
s_008um_00431_00683-1,False Negative
s_008um_00431_00753-1,False Negative
s_008um_00431_00754-1,False Negative
s_008um_00431_00755-1,False Negative
s_008um_00431_00756-1,False Negative
s_008um_00431_00757-1,False Negative
s_008um_00432_00604-1,False Negative
s_008um_00432_00752-1,False Negative
s_008um_00432_00753-1,False Negative
s_008um_00432_00754-1,False Negative
s_008um_00432_00755-1,False Negative
s_008um_00432_00756-1,False Negative
s_008um_00432_00757-1,False Negative
s_008um_00433_00306-1,False Negative
s_008um_00433_00307-1,False Negative
s_008um_00433_00603-1,False Negative
s_008um_00433_00604-1,False Negative
s_008um_00433_00605-1,False Negative
s_008um_00433_00606-1,False Negative
s_008um_00433_00753-1,False Negative
s_008um_00433_00754-1,False Negative
s_008um_00433_00755-1,False Negative
s_008um_00433_00756-1,False Negative
s_008um_00433_00757-1,False Negative
s_008um_00433_00767-1,False Negative
s_008um_00434_00306-1,False Negative
s_008um_00434_00311-1,False Negative
s_008um_00434_00604-1,False Negative
s_008um_00434_00605-1,False Negative
s_008um_00434_00606-1,False Negative
s_008um_00434_00607-1,False Negative
s_008um_00434_00681-1,False Negative
s_008um_00434_00682-1,False Negative
s_008um_00434_00757-1,False Negative
s_008um_00434_00773-1,False Negative
s_008um_00435_00217-1,False Negative
s_008um_00435_00218-1,False Negative
s_008um_00435_00219-1,False Negative
s_008um_00435_00220-1,False Negative
s_008um_00435_00306-1,False Negative
s_008um_00435_00311-1,False Negative
s_008um_00435_00363-1,False Negative
s_008um_00435_00364-1,False Negative
s_008um_00435_00604-1,False Negative
s_008um_00435_00605-1,False Negative
s_008um_00435_00606-1,False Negative
s_008um_00435_00607-1,False Negative
s_008um_00435_00681-1,False Negative
s_008um_00435_00701-1,False Negative
s_008um_00435_00773-1,False Negative
s_008um_00436_00221-1,False Negative
s_008um_00436_00311-1,False Negative
s_008um_00436_00361-1,False Negative
s_008um_00436_00362-1,False Negative
s_008um_00436_00363-1,False Negative
s_008um_00436_00364-1,False Negative
s_008um_00436_00365-1,False Negative
s_008um_00436_00605-1,False Negative
s_008um_00436_00606-1,False Negative
s_008um_00436_00607-1,False Negative
s_008um_00436_00700-1,False Negative
s_008um_00436_00701-1,False Negative
s_008um_00436_00768-1,False Negative
s_008um_00437_00292-1,False Negative
s_008um_00437_00293-1,False Negative
s_008um_00437_00360-1,False Negative
s_008um_00437_00361-1,False Negative
s_008um_00437_00362-1,False Negative
s_008um_00437_00363-1,False Negative
s_008um_00437_00364-1,False Negative
s_008um_00437_00365-1,False Negative
s_008um_00437_00612-1,False Negative
s_008um_00437_00613-1,False Negative
s_008um_00438_00360-1,False Negative
s_008um_00438_00361-1,False Negative
s_008um_00438_00362-1,False Negative
s_008um_00438_00363-1,False Negative
s_008um_00438_00364-1,False Negative
s_008um_00438_00365-1,False Negative
s_008um_00438_00557-1,False Negative
s_008um_00438_00558-1,False Negative
s_008um_00438_00612-1,False Negative
s_008um_00438_00613-1,False Negative
s_008um_00438_00760-1,False Negative
s_008um_00439_00363-1,False Negative
s_008um_00439_00364-1,False Negative
s_008um_00439_00557-1,False Negative
s_008um_00439_00558-1,False Negative
s_008um_00439_00612-1,False Negative
s_008um_00439_00613-1,False Negative
s_008um_00439_00614-1,False Negative
s_008um_00439_00760-1,False Negative
s_008um_00440_00557-1,False Negative
s_008um_00440_00558-1,False Negative
s_008um_00440_00613-1,False Negative
s_008um_00440_00760-1,False Negative
s_008um_00441_00557-1,False Negative
s_008um_00441_00686-1,False Negative
s_008um_00441_00710-1,False Negative
s_008um_00441_00711-1,False Negative
s_008um_00441_00712-1,False Negative
s_008um_00442_00307-1,False Negative
s_008um_00442_00308-1,False Negative
s_008um_00442_00390-1,False Negative
s_008um_00442_00391-1,False Negative
s_008um_00442_00392-1,False Negative
s_008um_00442_00393-1,False Negative
s_008um_00442_00557-1,False Negative
s_008um_00442_00713-1,False Negative
s_008um_00442_00714-1,False Negative
s_008um_00443_00307-1,False Negative
s_008um_00443_00308-1,False Negative
s_008um_00443_00309-1,False Negative
s_008um_00443_00388-1,False Negative
s_008um_00443_00389-1,False Negative
s_008um_00443_00390-1,False Negative
s_008um_00443_00391-1,False Negative
s_008um_00443_00392-1,False Negative
s_008um_00443_00393-1,False Negative
s_008um_00443_00394-1,False Negative
s_008um_00443_00714-1,False Negative
s_008um_00444_00307-1,False Negative
s_008um_00444_00308-1,False Negative
s_008um_00444_00309-1,False Negative
s_008um_00444_00388-1,False Negative
s_008um_00444_00389-1,False Negative
s_008um_00444_00390-1,False Negative
s_008um_00444_00391-1,False Negative
s_008um_00444_00392-1,False Negative
s_008um_00444_00393-1,False Negative
s_008um_00444_00394-1,False Negative
s_008um_00444_00395-1,False Negative
s_008um_00444_00714-1,False Negative
s_008um_00445_00307-1,False Negative
s_008um_00445_00308-1,False Negative
s_008um_00445_00309-1,False Negative
s_008um_00445_00391-1,False Negative
s_008um_00445_00392-1,False Negative
s_008um_00445_00393-1,False Negative
s_008um_00445_00394-1,False Negative
s_008um_00445_00395-1,False Negative
s_008um_00445_00756-1,False Negative
s_008um_00445_00757-1,False Negative
s_008um_00446_00307-1,False Negative
s_008um_00446_00308-1,False Negative
s_008um_00446_00309-1,False Negative
s_008um_00446_00392-1,False Negative
s_008um_00446_00393-1,False Negative
s_008um_00446_00394-1,False Negative
s_008um_00446_00395-1,False Negative
s_008um_00446_00755-1,False Negative
s_008um_00446_00756-1,False Negative
s_008um_00446_00757-1,False Negative
s_008um_00447_00393-1,False Negative
s_008um_00447_00394-1,False Negative
s_008um_00447_00395-1,False Negative
s_008um_00447_00631-1,False Negative
s_008um_00447_00632-1,False Negative
s_008um_00447_00633-1,False Negative
s_008um_00447_00634-1,False Negative
s_008um_00447_00755-1,False Negative
s_008um_00447_00756-1,False Negative
s_008um_00447_00757-1,False Negative
s_008um_00448_00189-1,False Negative
s_008um_00448_00393-1,False Negative
s_008um_00448_00394-1,False Negative
s_008um_00448_00395-1,False Negative
s_008um_00448_00630-1,False Negative
s_008um_00448_00631-1,False Negative
s_008um_00448_00632-1,False Negative
s_008um_00448_00633-1,False Negative
s_008um_00448_00634-1,False Negative
s_008um_00448_00635-1,False Negative
s_008um_00448_00756-1,False Negative
s_008um_00448_00757-1,False Negative
s_008um_00448_00789-1,False Negative
s_008um_00449_00191-1,False Negative
s_008um_00449_00393-1,False Negative
s_008um_00449_00394-1,False Negative
s_008um_00449_00395-1,False Negative
s_008um_00449_00630-1,False Negative
s_008um_00449_00631-1,False Negative
s_008um_00449_00632-1,False Negative
s_008um_00449_00633-1,False Negative
s_008um_00449_00634-1,False Negative
s_008um_00449_00635-1,False Negative
s_008um_00449_00636-1,False Negative
s_008um_00449_00756-1,False Negative
s_008um_00449_00757-1,False Negative
s_008um_00449_00781-1,False Negative
s_008um_00449_00782-1,False Negative
s_008um_00449_00783-1,False Negative
s_008um_00450_00393-1,False Negative
s_008um_00450_00394-1,False Negative
s_008um_00450_00630-1,False Negative
s_008um_00450_00631-1,False Negative
s_008um_00450_00632-1,False Negative
s_008um_00450_00633-1,False Negative
s_008um_00450_00634-1,False Negative
s_008um_00450_00635-1,False Negative
s_008um_00450_00636-1,False Negative
s_008um_00450_00780-1,False Negative
s_008um_00450_00781-1,False Negative
s_008um_00450_00783-1,False Negative
s_008um_00450_00784-1,False Negative
s_008um_00451_00393-1,False Negative
s_008um_00451_00630-1,False Negative
s_008um_00451_00631-1,False Negative
s_008um_00451_00632-1,False Negative
s_008um_00451_00633-1,False Negative
s_008um_00451_00634-1,False Negative
s_008um_00451_00635-1,False Negative
s_008um_00451_00636-1,False Negative
s_008um_00451_00780-1,False Negative
s_008um_00452_00631-1,False Negative
s_008um_00452_00632-1,False Negative
s_008um_00452_00633-1,False Negative
s_008um_00452_00634-1,False Negative
s_008um_00452_00635-1,False Negative
s_008um_00452_00721-1,False Negative
s_008um_00453_00790-1,False Negative
s_008um_00454_00431-1,False Negative
s_008um_00454_00432-1,False Negative
s_008um_00454_00433-1,False Negative
s_008um_00454_00434-1,False Negative
s_008um_00454_00790-1,False Negative
s_008um_00455_00435-1,False Negative
s_008um_00455_00789-1,False Negative
s_008um_00455_00790-1,False Negative
s_008um_00456_00675-1,False Negative
s_008um_00456_00676-1,False Negative
s_008um_00456_00788-1,False Negative
s_008um_00456_00789-1,False Negative
s_008um_00456_00790-1,False Negative
s_008um_00458_00376-1,False Negative
s_008um_00458_00377-1,False Negative
s_008um_00458_00378-1,False Negative
s_008um_00459_00375-1,False Negative
s_008um_00459_00376-1,False Negative
s_008um_00459_00377-1,False Negative
s_008um_00459_00378-1,False Negative
s_008um_00460_00291-1,False Negative
s_008um_00460_00294-1,False Negative
s_008um_00460_00295-1,False Negative
s_008um_00460_00375-1,False Negative
s_008um_00460_00376-1,False Negative
s_008um_00460_00377-1,False Negative
s_008um_00460_00378-1,False Negative
s_008um_00461_00375-1,False Negative
s_008um_00461_00376-1,False Negative
s_008um_00461_00377-1,False Negative
s_008um_00461_00378-1,False Negative
s_008um_00461_00379-1,False Negative
s_008um_00461_00784-1,False Negative
s_008um_00461_00785-1,False Negative
s_008um_00462_00305-1,False Negative
s_008um_00462_00376-1,False Negative
s_008um_00462_00377-1,False Negative
s_008um_00462_00378-1,False Negative
s_008um_00462_00379-1,False Negative
s_008um_00462_00471-1,False Negative
s_008um_00462_00472-1,False Negative
s_008um_00462_00473-1,False Negative
s_008um_00462_00474-1,False Negative
s_008um_00462_00475-1,False Negative
s_008um_00462_00734-1,False Negative
s_008um_00462_00735-1,False Negative
s_008um_00462_00783-1,False Negative
s_008um_00462_00784-1,False Negative
s_008um_00462_00785-1,False Negative
s_008um_00462_00786-1,False Negative
s_008um_00463_00171-1,False Negative
s_008um_00463_00172-1,False Negative
s_008um_00463_00173-1,False Negative
s_008um_00463_00174-1,False Negative
s_008um_00463_00175-1,False Negative
s_008um_00463_00305-1,False Negative
s_008um_00463_00377-1,False Negative
s_008um_00463_00378-1,False Negative
s_008um_00463_00379-1,False Negative
s_008um_00463_00465-1,False Negative
s_008um_00463_00470-1,False Negative
s_008um_00463_00471-1,False Negative
s_008um_00463_00472-1,False Negative
s_008um_00463_00473-1,False Negative
s_008um_00463_00474-1,False Negative
s_008um_00463_00475-1,False Negative
s_008um_00463_00476-1,False Negative
s_008um_00463_00644-1,False Negative
s_008um_00463_00684-1,False Negative
s_008um_00463_00734-1,False Negative
s_008um_00463_00735-1,False Negative
s_008um_00463_00736-1,False Negative
s_008um_00463_00770-1,False Negative
s_008um_00463_00783-1,False Negative
s_008um_00463_00784-1,False Negative
s_008um_00463_00785-1,False Negative
s_008um_00464_00177-1,False Negative
s_008um_00464_00178-1,False Negative
s_008um_00464_00305-1,False Negative
s_008um_00464_00306-1,False Negative
s_008um_00464_00640-1,False Negative
s_008um_00464_00684-1,False Negative
s_008um_00464_00685-1,False Negative
s_008um_00464_00686-1,False Negative
s_008um_00464_00700-1,False Negative
s_008um_00464_00701-1,False Negative
s_008um_00464_00734-1,False Negative
s_008um_00464_00735-1,False Negative
s_008um_00464_00736-1,False Negative
s_008um_00464_00737-1,False Negative
s_008um_00464_00772-1,False Negative
s_008um_00464_00773-1,False Negative
s_008um_00464_00774-1,False Negative
s_008um_00465_00178-1,False Negative
s_008um_00465_00306-1,False Negative
s_008um_00465_00701-1,False Negative
s_008um_00465_00734-1,False Negative
s_008um_00465_00735-1,False Negative
s_008um_00465_00736-1,False Negative
s_008um_00465_00737-1,False Negative
s_008um_00466_00306-1,False Negative
s_008um_00466_00735-1,False Negative
s_008um_00466_00736-1,False Negative
s_008um_00466_00737-1,False Negative
s_008um_00467_00232-1,False Negative
s_008um_00468_00232-1,False Negative
s_008um_00468_00233-1,False Negative
s_008um_00469_00233-1,False Negative
s_008um_00470_00691-1,False Negative
s_008um_00471_00690-1,False Negative
s_008um_00471_00691-1,False Negative
s_008um_00471_00692-1,False Negative
s_008um_00472_00690-1,False Negative
s_008um_00472_00691-1,False Negative
s_008um_00472_00692-1,False Negative
s_008um_00473_00233-1,False Negative
s_008um_00473_00660-1,False Negative
s_008um_00473_00661-1,False Negative
s_008um_00473_00662-1,False Negative
s_008um_00473_00690-1,False Negative
s_008um_00473_00691-1,False Negative
s_008um_00473_00692-1,False Negative
s_008um_00474_00231-1,False Negative
s_008um_00474_00232-1,False Negative
s_008um_00474_00660-1,False Negative
s_008um_00474_00661-1,False Negative
s_008um_00474_00662-1,False Negative
s_008um_00474_00663-1,False Negative
s_008um_00475_00661-1,False Negative
s_008um_00475_00662-1,False Negative
s_008um_00475_00663-1,False Negative
s_008um_00476_00758-1,False Negative
s_008um_00476_00759-1,False Negative
s_008um_00477_00757-1,False Negative
s_008um_00477_00758-1,False Negative
s_008um_00478_00757-1,False Negative
s_008um_00479_00757-1,False Negative
s_008um_00480_00324-1,False Negative
s_008um_00480_00462-1,False Negative
s_008um_00480_00463-1,False Negative
s_008um_00480_00464-1,False Negative
s_008um_00481_00461-1,False Negative
s_008um_00481_00723-1,False Negative
s_008um_00481_00747-1,False Negative
s_008um_00481_00748-1,False Negative
s_008um_00481_00749-1,False Negative
s_008um_00482_00461-1,False Negative
s_008um_00482_00723-1,False Negative
s_008um_00482_00746-1,False Negative
s_008um_00483_00730-1,False Negative
s_008um_00483_00745-1,False Negative
s_008um_00484_00561-1,False Negative
s_008um_00484_00562-1,False Negative
s_008um_00484_00660-1,False Negative
s_008um_00484_00661-1,False Negative
s_008um_00484_00662-1,False Negative
s_008um_00484_00663-1,False Negative
s_008um_00484_00703-1,False Negative
s_008um_00484_00704-1,False Negative
s_008um_00484_00729-1,False Negative
s_008um_00484_00737-1,False Negative
s_008um_00484_00738-1,False Negative
s_008um_00484_00739-1,False Negative
s_008um_00484_00740-1,False Negative
s_008um_00485_00470-1,False Negative
s_008um_00485_00660-1,False Negative
s_008um_00485_00702-1,False Negative
s_008um_00485_00703-1,False Negative
s_008um_00485_00736-1,False Negative
s_008um_00485_00737-1,False Negative
s_008um_00485_00738-1,False Negative
s_008um_00485_00739-1,False Negative
s_008um_00485_00740-1,False Negative
s_008um_00485_00741-1,False Negative
s_008um_00485_00762-1,False Negative
s_008um_00486_00470-1,False Negative
s_008um_00486_00736-1,False Negative
s_008um_00486_00737-1,False Negative
s_008um_00486_00738-1,False Negative
s_008um_00486_00739-1,False Negative
s_008um_00486_00740-1,False Negative
s_008um_00486_00741-1,False Negative
s_008um_00486_00762-1,False Negative
s_008um_00487_00469-1,False Negative
s_008um_00487_00470-1,False Negative
s_008um_00487_00737-1,False Negative
s_008um_00487_00738-1,False Negative
s_008um_00487_00739-1,False Negative
s_008um_00487_00740-1,False Negative
s_008um_00487_00741-1,False Negative
s_008um_00487_00762-1,False Negative
s_008um_00488_00284-1,False Negative
s_008um_00488_00285-1,False Negative
s_008um_00488_00468-1,False Negative
s_008um_00488_00469-1,False Negative
s_008um_00488_00470-1,False Negative
s_008um_00488_00739-1,False Negative
s_008um_00488_00740-1,False Negative
s_008um_00488_00762-1,False Negative
s_008um_00492_00299-1,False Negative
s_008um_00493_00299-1,False Negative
s_008um_00494_00299-1,False Negative
s_008um_00495_00299-1,False Negative
s_008um_00495_00728-1,False Negative
s_008um_00496_00298-1,False Negative
s_008um_00496_00299-1,False Negative
s_008um_00497_00296-1,False Negative
s_008um_00497_00297-1,False Negative
s_008um_00497_00298-1,False Negative
s_008um_00503_00751-1,False Negative
s_008um_00504_00742-1,False Negative
s_008um_00504_00743-1,False Negative
s_008um_00504_00758-1,False Negative
s_008um_00505_00758-1,False Negative
s_008um_00505_00759-1,False Negative
s_008um_00506_00734-1,False Negative
s_008um_00506_00735-1,False Negative
s_008um_00506_00736-1,False Negative
s_008um_00506_00737-1,False Negative
s_008um_00506_00738-1,False Negative
s_008um_00506_00739-1,False Negative
s_008um_00506_00758-1,False Negative
s_008um_00506_00759-1,False Negative
s_008um_00507_00185-1,False Negative
s_008um_00507_00186-1,False Negative
s_008um_00507_00187-1,False Negative
s_008um_00507_00188-1,False Negative
s_008um_00507_00343-1,False Negative
s_008um_00507_00344-1,False Negative
s_008um_00507_00345-1,False Negative
s_008um_00507_00738-1,False Negative
s_008um_00507_00739-1,False Negative
s_008um_00507_00740-1,False Negative
s_008um_00507_00758-1,False Negative
s_008um_00508_00185-1,False Negative
s_008um_00508_00186-1,False Negative
s_008um_00508_00187-1,False Negative
s_008um_00508_00188-1,False Negative
s_008um_00508_00189-1,False Negative
s_008um_00508_00343-1,False Negative
s_008um_00508_00344-1,False Negative
s_008um_00508_00345-1,False Negative
s_008um_00508_00739-1,False Negative
s_008um_00508_00740-1,False Negative
s_008um_00508_00741-1,False Negative
s_008um_00508_00757-1,False Negative
s_008um_00509_00185-1,False Negative
s_008um_00509_00186-1,False Negative
s_008um_00509_00187-1,False Negative
s_008um_00509_00188-1,False Negative
s_008um_00509_00189-1,False Negative
s_008um_00509_00343-1,False Negative
s_008um_00509_00344-1,False Negative
s_008um_00509_00345-1,False Negative
s_008um_00509_00740-1,False Negative
s_008um_00509_00741-1,False Negative
s_008um_00510_00185-1,False Negative
s_008um_00510_00186-1,False Negative
s_008um_00510_00187-1,False Negative
s_008um_00510_00188-1,False Negative
s_008um_00510_00189-1,False Negative
s_008um_00510_00343-1,False Negative
s_008um_00510_00344-1,False Negative
s_008um_00510_00378-1,False Negative
s_008um_00510_00740-1,False Negative
s_008um_00510_00741-1,False Negative
s_008um_00511_00185-1,False Negative
s_008um_00511_00186-1,False Negative
s_008um_00511_00187-1,False Negative
s_008um_00511_00188-1,False Negative
s_008um_00511_00189-1,False Negative
s_008um_00511_00376-1,False Negative
s_008um_00511_00377-1,False Negative
s_008um_00511_00740-1,False Negative
s_008um_00512_00187-1,False Negative
s_008um_00512_00188-1,False Negative
s_008um_00512_00189-1,False Negative
s_008um_00513_00197-1,False Negative
s_008um_00513_00198-1,False Negative
s_008um_00513_00417-1,False Negative
s_008um_00513_00653-1,False Negative
s_008um_00513_00654-1,False Negative
s_008um_00513_00655-1,False Negative
s_008um_00513_00753-1,False Negative
s_008um_00514_00195-1,False Negative
s_008um_00514_00196-1,False Negative
s_008um_00514_00197-1,False Negative
s_008um_00514_00198-1,False Negative
s_008um_00514_00199-1,False Negative
s_008um_00514_00408-1,False Negative
s_008um_00514_00409-1,False Negative
s_008um_00514_00410-1,False Negative
s_008um_00514_00411-1,False Negative
s_008um_00514_00412-1,False Negative
s_008um_00514_00734-1,False Negative
s_008um_00514_00735-1,False Negative
s_008um_00514_00736-1,False Negative
s_008um_00514_00753-1,False Negative
s_008um_00515_00193-1,False Negative
s_008um_00515_00194-1,False Negative
s_008um_00515_00195-1,False Negative
s_008um_00515_00196-1,False Negative
s_008um_00515_00197-1,False Negative
s_008um_00515_00198-1,False Negative
s_008um_00515_00199-1,False Negative
s_008um_00515_00413-1,False Negative
s_008um_00515_00734-1,False Negative
s_008um_00515_00735-1,False Negative
s_008um_00515_00736-1,False Negative
s_008um_00516_00193-1,False Negative
s_008um_00516_00194-1,False Negative
s_008um_00516_00195-1,False Negative
s_008um_00516_00196-1,False Negative
s_008um_00516_00197-1,False Negative
s_008um_00516_00198-1,False Negative
s_008um_00516_00199-1,False Negative
s_008um_00516_00414-1,False Negative
s_008um_00516_00734-1,False Negative
s_008um_00516_00735-1,False Negative
s_008um_00516_00736-1,False Negative
s_008um_00516_00737-1,False Negative
s_008um_00517_00192-1,False Negative
s_008um_00517_00193-1,False Negative
s_008um_00517_00194-1,False Negative
s_008um_00517_00195-1,False Negative
s_008um_00517_00196-1,False Negative
s_008um_00517_00197-1,False Negative
s_008um_00517_00198-1,False Negative
s_008um_00517_00730-1,False Negative
s_008um_00517_00731-1,False Negative
s_008um_00517_00734-1,False Negative
s_008um_00517_00735-1,False Negative
s_008um_00517_00736-1,False Negative
s_008um_00517_00737-1,False Negative
s_008um_00518_00193-1,False Negative
s_008um_00518_00194-1,False Negative
s_008um_00518_00195-1,False Negative
s_008um_00518_00196-1,False Negative
s_008um_00518_00197-1,False Negative
s_008um_00518_00198-1,False Negative
s_008um_00518_00633-1,False Negative
s_008um_00518_00634-1,False Negative
s_008um_00518_00729-1,False Negative
s_008um_00518_00730-1,False Negative
s_008um_00518_00731-1,False Negative
s_008um_00518_00732-1,False Negative
s_008um_00518_00734-1,False Negative
s_008um_00518_00735-1,False Negative
s_008um_00518_00736-1,False Negative
s_008um_00518_00746-1,False Negative
s_008um_00519_00194-1,False Negative
s_008um_00519_00195-1,False Negative
s_008um_00519_00196-1,False Negative
s_008um_00519_00197-1,False Negative
s_008um_00519_00246-1,False Negative
s_008um_00519_00247-1,False Negative
s_008um_00519_00407-1,False Negative
s_008um_00519_00632-1,False Negative
s_008um_00519_00633-1,False Negative
s_008um_00519_00634-1,False Negative
s_008um_00519_00635-1,False Negative
s_008um_00519_00650-1,False Negative
s_008um_00519_00728-1,False Negative
s_008um_00519_00729-1,False Negative
s_008um_00519_00730-1,False Negative
s_008um_00519_00731-1,False Negative
s_008um_00519_00732-1,False Negative
s_008um_00519_00734-1,False Negative
s_008um_00519_00735-1,False Negative
s_008um_00519_00740-1,False Negative
s_008um_00519_00746-1,False Negative
s_008um_00520_00372-1,False Negative
s_008um_00520_00373-1,False Negative
s_008um_00520_00374-1,False Negative
s_008um_00520_00375-1,False Negative
s_008um_00520_00376-1,False Negative
s_008um_00520_00409-1,False Negative
s_008um_00520_00410-1,False Negative
s_008um_00520_00411-1,False Negative
s_008um_00520_00412-1,False Negative
s_008um_00520_00631-1,False Negative
s_008um_00520_00632-1,False Negative
s_008um_00520_00633-1,False Negative
s_008um_00520_00720-1,False Negative
s_008um_00520_00721-1,False Negative
s_008um_00520_00722-1,False Negative
s_008um_00520_00729-1,False Negative
s_008um_00520_00730-1,False Negative
s_008um_00520_00731-1,False Negative
s_008um_00520_00732-1,False Negative
s_008um_00520_00740-1,False Negative
s_008um_00521_00372-1,False Negative
s_008um_00521_00373-1,False Negative
s_008um_00521_00374-1,False Negative
s_008um_00521_00375-1,False Negative
s_008um_00521_00376-1,False Negative
s_008um_00521_00410-1,False Negative
s_008um_00521_00411-1,False Negative
s_008um_00521_00412-1,False Negative
s_008um_00521_00631-1,False Negative
s_008um_00521_00632-1,False Negative
s_008um_00521_00633-1,False Negative
s_008um_00521_00729-1,False Negative
s_008um_00521_00730-1,False Negative
s_008um_00521_00731-1,False Negative
s_008um_00522_00372-1,False Negative
s_008um_00522_00373-1,False Negative
s_008um_00522_00374-1,False Negative
s_008um_00522_00375-1,False Negative
s_008um_00522_00376-1,False Negative
s_008um_00522_00411-1,False Negative
s_008um_00522_00631-1,False Negative
s_008um_00522_00632-1,False Negative
s_008um_00522_00633-1,False Negative
s_008um_00522_00634-1,False Negative
s_008um_00522_00646-1,False Negative
s_008um_00522_00727-1,False Negative
s_008um_00522_00728-1,False Negative
s_008um_00523_00632-1,False Negative
s_008um_00523_00633-1,False Negative
s_008um_00523_00634-1,False Negative
s_008um_00523_00646-1,False Negative
s_008um_00523_00727-1,False Negative
s_008um_00523_00728-1,False Negative
s_008um_00523_00736-1,False Negative
s_008um_00524_00736-1,False Negative
s_008um_00524_00737-1,False Negative
s_008um_00525_00737-1,False Negative
s_008um_00526_00636-1,False Negative
s_008um_00526_00637-1,False Negative
s_008um_00526_00643-1,False Negative
s_008um_00526_00737-1,False Negative
s_008um_00527_00726-1,False Negative
s_008um_00528_00725-1,False Negative
s_008um_00528_00726-1,False Negative
s_008um_00528_00730-1,False Negative
s_008um_00529_00726-1,False Negative
s_008um_00529_00727-1,False Negative
s_008um_00529_00731-1,False Negative
s_008um_00529_00732-1,False Negative
s_008um_00530_00262-1,False Negative
s_008um_00530_00263-1,False Negative
s_008um_00531_00263-1,False Negative
s_008um_00531_00264-1,False Negative
s_008um_00531_00630-1,False Negative
s_008um_00532_00263-1,False Negative
s_008um_00532_00264-1,False Negative
s_008um_00532_00265-1,False Negative
s_008um_00532_00630-1,False Negative
s_008um_00533_00263-1,False Negative
s_008um_00533_00264-1,False Negative
s_008um_00533_00265-1,False Negative
s_008um_00533_00479-1,False Negative
s_008um_00533_00630-1,False Negative
s_008um_00534_00263-1,False Negative
s_008um_00534_00264-1,False Negative
s_008um_00534_00265-1,False Negative
s_008um_00534_00474-1,False Negative
s_008um_00534_00475-1,False Negative
s_008um_00534_00476-1,False Negative
s_008um_00534_00477-1,False Negative
s_008um_00534_00478-1,False Negative
s_008um_00534_00479-1,False Negative
s_008um_00534_00480-1,False Negative
s_008um_00534_00630-1,False Negative
s_008um_00534_00631-1,False Negative
s_008um_00535_00263-1,False Negative
s_008um_00535_00264-1,False Negative
s_008um_00535_00265-1,False Negative
s_008um_00535_00473-1,False Negative
s_008um_00535_00474-1,False Negative
s_008um_00535_00475-1,False Negative
s_008um_00535_00476-1,False Negative
s_008um_00535_00480-1,False Negative
s_008um_00535_00654-1,False Negative
s_008um_00536_00262-1,False Negative
s_008um_00536_00263-1,False Negative
s_008um_00536_00264-1,False Negative
s_008um_00536_00265-1,False Negative
s_008um_00536_00473-1,False Negative
s_008um_00536_00474-1,False Negative
s_008um_00536_00475-1,False Negative
s_008um_00536_00476-1,False Negative
s_008um_00536_00649-1,False Negative
s_008um_00536_00650-1,False Negative
s_008um_00536_00651-1,False Negative
s_008um_00536_00652-1,False Negative
s_008um_00536_00653-1,False Negative
s_008um_00536_00654-1,False Negative
s_008um_00536_00655-1,False Negative
s_008um_00537_00263-1,False Negative
s_008um_00537_00264-1,False Negative
s_008um_00537_00473-1,False Negative
s_008um_00537_00474-1,False Negative
s_008um_00537_00475-1,False Negative
s_008um_00537_00476-1,False Negative
s_008um_00537_00634-1,False Negative
s_008um_00537_00644-1,False Negative
s_008um_00537_00649-1,False Negative
s_008um_00537_00650-1,False Negative
s_008um_00537_00651-1,False Negative
s_008um_00537_00652-1,False Negative
s_008um_00537_00653-1,False Negative
s_008um_00537_00654-1,False Negative
s_008um_00537_00655-1,False Negative
s_008um_00538_00472-1,False Negative
s_008um_00538_00473-1,False Negative
s_008um_00538_00474-1,False Negative
s_008um_00538_00475-1,False Negative
s_008um_00538_00476-1,False Negative
s_008um_00538_00633-1,False Negative
s_008um_00538_00634-1,False Negative
s_008um_00538_00644-1,False Negative
s_008um_00538_00650-1,False Negative
s_008um_00538_00651-1,False Negative
s_008um_00538_00652-1,False Negative
s_008um_00538_00653-1,False Negative
s_008um_00538_00654-1,False Negative
s_008um_00538_00655-1,False Negative
s_008um_00539_00472-1,False Negative
s_008um_00539_00473-1,False Negative
s_008um_00539_00474-1,False Negative
s_008um_00539_00475-1,False Negative
s_008um_00539_00476-1,False Negative
s_008um_00539_00633-1,False Negative
s_008um_00539_00634-1,False Negative
s_008um_00539_00651-1,False Negative
s_008um_00539_00652-1,False Negative
s_008um_00539_00653-1,False Negative
s_008um_00539_00654-1,False Negative
s_008um_00540_00473-1,False Negative
s_008um_00540_00474-1,False Negative
s_008um_00540_00475-1,False Negative
s_008um_00540_00476-1,False Negative
s_008um_00540_00634-1,False Negative
s_008um_00541_00473-1,False Negative
s_008um_00541_00474-1,False Negative
s_008um_00541_00475-1,False Negative
s_008um_00541_00476-1,False Negative
s_008um_00541_00658-1,False Negative
s_008um_00542_00464-1,False Negative
s_008um_00542_00465-1,False Negative
s_008um_00542_00466-1,False Negative
s_008um_00542_00467-1,False Negative
s_008um_00542_00474-1,False Negative
s_008um_00542_00475-1,False Negative
s_008um_00542_00476-1,False Negative
s_008um_00542_00477-1,False Negative
s_008um_00542_00478-1,False Negative
s_008um_00542_00658-1,False Negative
s_008um_00543_00468-1,False Negative
s_008um_00543_00475-1,False Negative
s_008um_00543_00476-1,False Negative
s_008um_00543_00477-1,False Negative
s_008um_00543_00557-1,False Negative
s_008um_00543_00558-1,False Negative
s_008um_00543_00639-1,False Negative
s_008um_00543_00640-1,False Negative
s_008um_00545_00255-1,False Negative
s_008um_00548_00462-1,False Negative
s_008um_00548_00648-1,False Negative
s_008um_00548_00649-1,False Negative
s_008um_00548_00650-1,False Negative
s_008um_00548_00656-1,False Negative
s_008um_00548_00657-1,False Negative
s_008um_00548_00658-1,False Negative
s_008um_00548_00659-1,False Negative
s_008um_00549_00276-1,False Negative
s_008um_00549_00646-1,False Negative
s_008um_00549_00647-1,False Negative
s_008um_00550_00276-1,False Negative
s_008um_00550_00646-1,False Negative
s_008um_00550_00655-1,False Negative
s_008um_00550_00662-1,False Negative
s_008um_00551_00274-1,False Negative
s_008um_00551_00275-1,False Negative
s_008um_00551_00276-1,False Negative
s_008um_00551_00646-1,False Negative
s_008um_00551_00662-1,False Negative
s_008um_00551_00663-1,False Negative
s_008um_00552_00662-1,False Negative
s_008um_00553_00645-1,False Negative
s_008um_00554_00456-1,False Negative
s_008um_00554_00461-1,False Negative
s_008um_00554_00462-1,False Negative
s_008um_00554_00463-1,False Negative
s_008um_00554_00464-1,False Negative
s_008um_00554_00465-1,False Negative
s_008um_00554_00466-1,False Negative
s_008um_00554_00467-1,False Negative
s_008um_00554_00468-1,False Negative
s_008um_00554_00646-1,False Negative
s_008um_00555_00456-1,False Negative
s_008um_00555_00457-1,False Negative
s_008um_00555_00460-1,False Negative
s_008um_00555_00467-1,False Negative
s_008um_00555_00468-1,False Negative
s_008um_00556_00456-1,False Negative
s_008um_00556_00457-1,False Negative
s_008um_00556_00468-1,False Negative
s_008um_00556_00469-1,False Negative
s_008um_00557_00455-1,False Negative
s_008um_00557_00456-1,False Negative
s_008um_00557_00457-1,False Negative
s_008um_00557_00468-1,False Negative
s_008um_00557_00469-1,False Negative
s_008um_00558_00452-1,False Negative
s_008um_00558_00453-1,False Negative
s_008um_00558_00454-1,False Negative
s_008um_00558_00455-1,False Negative
s_008um_00558_00456-1,False Negative
s_008um_00558_00468-1,False Negative
s_008um_00558_00469-1,False Negative
s_008um_00559_00468-1,False Negative
s_008um_00559_00469-1,False Negative
s_008um_00560_00468-1,False Negative
s_008um_00560_00469-1,False Negative
s_008um_00561_00468-1,False Negative
s_008um_00562_00467-1,False Negative
